id,spec,lat,long,sp10.1,sp10.2,sp10.3,sp14.1,sp14.2,morph,inguinal_scute
33,LACM 67413,34.512975,120.497326,CCR,CCR,CCR,pall,pall,NA,1
42,CAS 29575,43.6608,123.3175,marm,marm,marm,marm,marm,marm,1
43,NMNH 297155,43.27972222,123.3755556,marm,marm,marm,marm,marm,marm,1
45,NMNH 21389,42.704981,121.993217,marm,marm,marm,marm,marm,marm,1
46,NMNH 21390,42.704981,121.993217,marm,marm,marm,marm,marm,marm,1
47,NMNH 21391,42.704981,121.993217,marm,marm,marm,marm,marm,marm,1
48,NMNH 21392,42.704981,121.993217,marm,marm,marm,marm,marm,marm,1
52,CAS 20160,42.2306,121.7983,marm,marm,marm,marm,marm,marm,1
55,CAS 44271,41.9047,121.6456,marm,marm,marm,marm,marm,marm,1
56,CAS 44273,41.9047,121.6456,marm,marm,marm,marm,marm,marm,1
57,CAS 44272,41.9047,121.6456,marm,marm,marm,marm,marm,marm,1
58,JRB 0042,41.774224,122.57709,marm,marm,marm,marm,marm,marm,1
59,CAS 3782,41.7283,122.55439,marm,marm,marm,marm,marm,marm,0
60,NMNH 13804,41.5715,121.8528,marm,marm,marm,marm,marm,marm,1
61,NMNH 220756,41.5715,121.8528,marm,marm,marm,marm,marm,marm,1
64,MVZ 208230,41.5346702,122.5089399,marm,marm,marm,marm,marm,marm,1
66,CAS 43582,41.52083,122.51917,marm,marm,marm,marm,marm,marm,1
67,CAS 43584,41.52083,122.51917,marm,marm,marm,marm,marm,marm,1
69,CAS 43587,41.52083,122.51917,marm,marm,marm,marm,marm,marm,1
73,LACM 7995,40.866578,124.082986,marm,marm,marm,marm,marm,marm,1
74,MVZ 78785,40.7376216999999,122.071585799999,marm,marm,marm,marm,marm,marm,1
76,MVZ 39147,40.55443,123.143919999999,marm,marm,marm,marm,marm,marm,1
78,MVZ 39149,40.55443,123.143919999999,marm,marm,marm,marm,marm,marm,1
79,MVZ 98670,40.5494448,123.20742,marm,marm,marm,marm,marm,marm,1
80,MVZ 98671,40.5494448,123.20742,marm,marm,marm,marm,marm,marm,1
81,MVZ 98672,40.5494448,123.20742,marm,marm,marm,marm,marm,marm,1
86,MVZ 98678,40.5494448,123.20742,marm,marm,marm,marm,marm,marm,NA
87,MVZ 98679,40.5494448,123.20742,marm,marm,marm,marm,marm,marm,1
88,MVZ 98680,40.5494448,123.20742,marm,marm,marm,marm,marm,marm,1
89,MVZ 98681,40.5494448,123.20742,marm,marm,marm,marm,marm,marm,1
91,MVZ 98683,40.5494448,123.20742,marm,marm,marm,marm,marm,marm,1
92,MVZ 98684,40.5494448,123.20742,marm,marm,marm,marm,marm,marm,1
93,MVZ 98685,40.5494448,123.20742,marm,marm,marm,marm,marm,marm,1
96,MVZ 98688,40.5494448,123.20742,marm,marm,marm,marm,marm,marm,1
97,MVZ 98689,40.5494448,123.20742,marm,marm,marm,marm,marm,marm,NA
99,MVZ 98691,40.5494448,123.20742,marm,marm,marm,marm,marm,marm,1
100,MVZ 98692,40.5494448,123.20742,marm,marm,marm,marm,marm,marm,1
101,MVZ 98693,40.5494448,123.20742,marm,marm,marm,marm,marm,marm,1
102,MVZ 98694,40.5494448,123.20742,marm,marm,marm,marm,marm,marm,1
103,MVZ 98695,40.5494448,123.20742,marm,marm,marm,marm,marm,marm,1
104,MVZ 98696,40.5494448,123.20742,marm,marm,marm,marm,marm,marm,1
105,MVZ 98697,40.5494448,123.20742,marm,marm,marm,marm,marm,marm,1
106,MVZ 98698,40.5494448,123.20742,marm,marm,marm,marm,marm,marm,1
107,MVZ 98699,40.5494448,123.20742,marm,marm,marm,marm,marm,marm,NA
108,MVZ 98700,40.5494448,123.20742,marm,marm,marm,marm,marm,marm,1
109,MVZ 98701,40.5494448,123.20742,marm,marm,marm,marm,marm,marm,1
110,MVZ 98702,40.5494448,123.20742,marm,marm,marm,marm,marm,marm,1
111,MVZ 98704,40.5494448,123.20742,marm,marm,marm,marm,marm,marm,NA
112,MVZ 98705,40.5494448,123.20742,marm,marm,marm,marm,marm,marm,1
113,MVZ 98706,40.5494448,123.20742,marm,marm,marm,marm,marm,marm,1
114,MVZ 98707,40.5494448,123.20742,marm,marm,marm,marm,marm,marm,1
115,MVZ 98708,40.5494448,123.20742,marm,marm,marm,marm,marm,marm,1
116,MVZ 98709,40.5494448,123.20742,marm,marm,marm,marm,marm,marm,0
117,MVZ 98710,40.5494448,123.20742,marm,marm,marm,marm,marm,marm,0
118,MVZ 98711,40.5494448,123.20742,marm,marm,marm,marm,marm,marm,1
119,MVZ 98713,40.5494448,123.20742,marm,marm,marm,marm,marm,marm,1
120,MVZ 98714,40.5494448,123.20742,marm,marm,marm,marm,marm,marm,1
121,MVZ 98715,40.5494448,123.20742,marm,marm,marm,marm,marm,marm,1
122,MVZ 98716,40.5494448,123.20742,marm,marm,marm,marm,marm,marm,1
125,MVZ 98720,40.5494448,123.20742,marm,marm,marm,marm,marm,marm,1
126,MVZ 98721,40.5494448,123.20742,marm,marm,marm,marm,marm,marm,1
127,MVZ 98722,40.5494448,123.20742,marm,marm,marm,marm,marm,marm,1
128,MVZ 98724,40.5494448,123.20742,marm,marm,marm,marm,marm,marm,NA
131,MVZ 98727,40.5494448,123.20742,marm,marm,marm,marm,marm,marm,1
133,MVZ 98729,40.5494448,123.20742,marm,marm,marm,marm,marm,marm,1
134,MVZ 98730,40.5494448,123.20742,marm,marm,marm,marm,marm,marm,NA
135,MVZ 98731,40.5494448,123.20742,marm,marm,marm,marm,marm,marm,1
136,MVZ 98732,40.5494448,123.20742,marm,marm,marm,marm,marm,marm,1
137,MVZ 98733,40.5494448,123.20742,marm,marm,marm,marm,marm,marm,1
138,MVZ 98735,40.5494448,123.20742,marm,marm,marm,marm,marm,marm,1
139,MVZ 98736,40.5494448,123.20742,marm,marm,marm,marm,marm,marm,NA
140,MVZ 98737,40.5494448,123.20742,marm,marm,marm,marm,marm,marm,NA
141,MVZ 98744,40.5494448,123.20742,marm,marm,marm,marm,marm,marm,1
142,MVZ 98745,40.5494448,123.20742,marm,marm,marm,marm,marm,marm,1
143,MVZ 98746,40.5494448,123.20742,marm,marm,marm,marm,marm,marm,NA
144,MVZ 98747,40.5494448,123.20742,marm,marm,marm,marm,marm,marm,NA
145,MVZ 98748,40.5494448,123.20742,marm,marm,marm,marm,marm,marm,1
146,MVZ 98749,40.5494448,123.20742,marm,marm,marm,marm,marm,marm,1
147,MVZ 98750,40.5494448,123.20742,marm,marm,marm,marm,marm,marm,1
148,MVZ 98751,40.5494448,123.20742,marm,marm,marm,marm,marm,marm,NA
149,MVZ 98752,40.5494448,123.20742,marm,marm,marm,marm,marm,marm,NA
150,MVZ 98753,40.5494448,123.20742,marm,marm,marm,marm,marm,marm,1
151,MVZ 98754,40.5494448,123.20742,marm,marm,marm,marm,marm,marm,NA
152,MVZ 98765,40.5494448,123.20742,marm,marm,marm,marm,marm,marm,1
154,MVZ 98767,40.5494448,123.20742,marm,marm,marm,marm,marm,marm,1
155,MVZ 98768,40.5494448,123.20742,marm,marm,marm,marm,marm,marm,1
156,MVZ 98769,40.5494448,123.20742,marm,marm,marm,marm,marm,marm,NA
157,MVZ 98770,40.5494448,123.20742,marm,marm,marm,marm,marm,marm,NA
158,MVZ 98771,40.5494448,123.20742,marm,marm,marm,marm,marm,marm,NA
160,MVZ 98773,40.5494448,123.20742,marm,marm,marm,marm,marm,marm,1
161,MVZ 98774,40.5494448,123.20742,marm,marm,marm,marm,marm,marm,1
162,MVZ 98775,40.5494448,123.20742,marm,marm,marm,marm,marm,marm,NA
163,MVZ 98776,40.5494448,123.20742,marm,marm,marm,marm,marm,marm,NA
165,MVZ 98778,40.5494448,123.20742,marm,marm,marm,marm,marm,marm,1
166,MVZ 98779,40.5494448,123.20742,marm,marm,marm,marm,marm,marm,NA
167,MVZ 98780,40.5494448,123.20742,marm,marm,marm,marm,marm,marm,NA
168,MVZ 98782,40.5494448,123.20742,marm,marm,marm,marm,marm,marm,1
169,MVZ 98783,40.5494448,123.20742,marm,marm,marm,marm,marm,marm,NA
170,MVZ 98784,40.5494448,123.20742,marm,marm,marm,marm,marm,marm,NA
171,MVZ 98785,40.5494448,123.20742,marm,marm,marm,marm,marm,marm,1
172,MVZ 98786,40.5494448,123.20742,marm,marm,marm,marm,marm,marm,1
174,MVZ 98788,40.5494448,123.20742,marm,marm,marm,marm,marm,marm,1
175,MVZ 98789,40.5494448,123.20742,marm,marm,marm,marm,marm,marm,NA
176,MVZ 98790,40.5494448,123.20742,marm,marm,marm,marm,marm,marm,NA
177,MVZ 98791,40.5494448,123.20742,marm,marm,marm,marm,marm,marm,1
178,MVZ 98792,40.5494448,123.20742,marm,marm,marm,marm,marm,marm,1
179,MVZ 98793,40.5494448,123.20742,marm,marm,marm,marm,marm,marm,1
185,MVZ 111295,40.5494448,123.20742,marm,marm,marm,marm,marm,marm,NA
186,MVZ 111296,40.5494448,123.20742,marm,marm,marm,marm,marm,marm,NA
187,MVZ 111297,40.5494448,123.20742,marm,marm,marm,marm,marm,marm,1
190,MVZ 98734,40.5494448,123.20742,marm,marm,marm,marm,marm,marm,1
191,MVZ 98781,40.5494448,123.20742,marm,marm,marm,marm,marm,marm,1
192,MVZ 98738,40.4691869999999,123.1693496,marm,marm,marm,marm,marm,marm,1
193,MVZ 98739,40.4691869999999,123.1693496,marm,marm,marm,marm,marm,marm,NA
194,MVZ 98740,40.4691869999999,123.1693496,marm,marm,marm,marm,marm,marm,NA
196,MVZ 98742,40.4691869999999,123.1693496,marm,marm,marm,marm,marm,marm,1
197,MVZ 98743,40.4691869999999,123.1693496,marm,marm,marm,marm,marm,marm,1
198,MVZ 98755,40.4691869999999,123.1693496,marm,marm,marm,marm,marm,marm,1
199,MVZ 98756,40.4691869999999,123.1693496,marm,marm,marm,marm,marm,marm,NA
200,MVZ 98757,40.4691869999999,123.1693496,marm,marm,marm,marm,marm,marm,NA
201,MVZ 98758,40.4691869999999,123.1693496,marm,marm,marm,marm,marm,marm,1
202,MVZ 98759,40.4691869999999,123.1693496,marm,marm,marm,marm,marm,marm,NA
203,MVZ 98760,40.4691869999999,123.1693496,marm,marm,marm,marm,marm,marm,1
204,MVZ 98761,40.4691869999999,123.1693496,marm,marm,marm,marm,marm,marm,1
205,MVZ 98762,40.4691869999999,123.1693496,marm,marm,marm,marm,marm,marm,1
206,MVZ 98764,40.4691869999999,123.1693496,marm,marm,marm,marm,marm,marm,NA
207,MVZ 14605,40.4251158,123.4786419,marm,marm,marm,marm,marm,marm,1
208,MVZ 14606,40.4106692,123.4786034,marm,marm,marm,marm,marm,marm,1
210,MVZ 14608,40.4106692,123.4786034,marm,marm,marm,marm,marm,marm,1
211,MVZ 14601,40.4048453999999,123.464450799999,marm,marm,marm,marm,marm,marm,1
212,MVZ 14602,40.4048453999999,123.464450799999,marm,marm,marm,marm,marm,marm,1
213,MVZ 14603,40.4048453999999,123.464450799999,marm,marm,marm,marm,marm,marm,1
214,MVZ 14604,40.4048453999999,123.464450799999,marm,marm,marm,marm,marm,marm,1
216,MVZ 3822,40.355192,122.1741371,marm,marm,marm,marm,marm,marm,1
218,MVZ 9965,40.3152626999999,122.0691489,marm,marm,marm,marm,marm,marm,1
220,MVZ 9967,40.3152626999999,122.0691489,marm,marm,marm,marm,marm,marm,1
222,MVZ 3821,40.1877799999999,123.04528,marm,marm,marm,marm,marm,marm,1
224,CAS 227011,40.08303,121.6909,marm,marm,marm,marm,marm,marm,1
227,CAS 220677,39.90536,123.06442,marm,marm,marm,marm,marm,marm,1
228,CAS 207170,39.8807,122.3762,marm,marm,marm,marm,marm,marm,1
230,CAS 203487,39.82425,123.1945556,marm,marm,marm,marm,NA,marm,1
231,CAS 208851,39.81699,123.23998,marm,marm,marm,marm,NA,marm,1
232,CAS 209927,39.72261,121.36349,marm,marm,marm,marm,NA,marm,1
233,CAS 209134,39.62461,122.87522,marm,marm,marm,marm,NA,marm,1
234,CAS 212690,39.6,122.59356,marm,marm,marm,marm,NA,marm,1
235,LSUMZ 29562,39.58639,122.53139,marm,marm,marm,marm,NA,marm,1
240,MVZ 45601,39.5274038,123.4006151,marm,marm,marm,marm,NA,marm,0
241,JRB 0048,39.51975,122.006736,marm,marm,marm,marm,NA,marm,1
243,CAS 201250,39.42639,122.97828,marm,marm,marm,marm,NA,marm,1
244,MVZ 187674,39.4094673,123.5021747,marm,marm,SJ,marm,Foothill,NA,NA
245,CAS 212560,39.40697,122.63481,marm,marm,marm,marm,NA,marm,1
246,CAS 207045,39.3729,121.0967,marm,marm,marm,marm,NA,marm,1
249,CAS 212573,39.34828,122.65944,marm,marm,marm,marm,NA,marm,1
250,NMNH 288132,39.3169444444,123.308333333,marm,marm,marm,marm,NA,marm,1
254,CAS 212733,39.28964,122.56478,marm,marm,marm,marm,NA,marm,1
255,CAS 212755,39.28172,122.61897,marm,marm,marm,marm,NA,marm,1
256,CAS 212708,39.26953,122.59154,marm,marm,marm,marm,NA,marm,1
257,MVZ 8558,39.2677900999999,123.364800399999,marm,marm,marm,marm,NA,marm,1
258,CAS 209175,39.25889,122.93666,marm,marm,marm,marm,NA,marm,1
261,CAS 203667,39.25,122.95,marm,marm,marm,marm,NA,marm,1
262,CAS 188532,39.2486,121.07923,marm,marm,marm,marm,NA,marm,1
265,JRB 0191,39.218072,122.007964,marm,marm,marm,marm,NA,marm,1
270,JRB unnumbered marm d,39.1563888889,122.44194444,marm,marm,marm,marm,NA,marm,1
273,NMNH 288133,39.073421,122.78712,marm,marm,marm,marm,NA,marm,1
275,CAS 188533,39.0132,122.357,marm,marm,marm,marm,NA,marm,1
276,CAS 188539,39.00688,123.36003,marm,marm,marm,marm,NA,marm,1
278,LSUMZ 12585,38.989394,123.4333,marm,marm,marm,marm,NA,marm,1
279,MVZ 77998,38.9174908,122.3474562,marm,marm,marm,marm,NA,marm,1
280,LSUMZ 16354,38.90347,122.63833,marm,marm,marm,marm,NA,marm,1
281,LSUMZ 16355,38.90347,122.63833,marm,marm,marm,marm,NA,marm,1
284,MVZ 149676,38.8392403,122.3890987,marm,marm,marm,marm,NA,marm,0
287,MVZ 149679,38.8392403,122.3890987,marm,marm,SJ,marm,Foothill,NA,1
290,MVZ 164996,38.8392403,122.3890987,marm,marm,SJ,marm,Foothill,NA,1
292,MVZ 208232,38.8370919999999,122.360292,marm,marm,marm,marm,NA,marm,1
298,MVZ 44631,38.637351,121.19781,marm,marm,marm,marm,NA,marm,1
301,CAS 154955,38.566667,122.7,marm,marm,marm,marm,NA,marm,NA
302,MVZ 36269,38.5618333,122.4146917,marm,marm,marm,marm,NA,marm,1
303,CAS 203712,38.5333,121.7558,marm,marm,marm,marm,NA,marm,1
305,CAS 203714,38.5333,121.7558,marm,marm,marm,marm,NA,marm,1
306,CAS 203715,38.5333,121.7558,marm,marm,marm,marm,NA,marm,1
309,CAS 20762,38.3583,123.0386,marm,marm,marm,marm,NA,marm,1
310,MVZ 3823,38.3575615999999,122.0416581,marm,marm,marm,marm,NA,marm,1
311,MVZ 3824,38.3575615999999,122.0416581,marm,marm,marm,marm,NA,marm,1
312,MVZ 3825,38.3575615999999,122.0416581,marm,marm,marm,marm,NA,marm,1
314,LSUMZ 29561,38.34894,123.07667,marm,marm,marm,marm,NA,marm,1
317,CAS 13176,38.3389,122.3817,marm,marm,marm,marm,NA,marm,1
318,CAS 13897,38.3153,119.0917,marm,marm,SJ,marm,NA,NA,1
319,MVZ 78784,38.1853085999999,122.0540669,marm,marm,marm,marm,NA,marm,1
320,MVZ 40576,38.1192781,122.8213215,marm,marm,marm,marm,NA,marm,1
322,NMNH 9971,38.061687,122.698933,marm,marm,marm,marm,NA,marm,1
323,NMNH 220748,38.061687,122.698933,marm,marm,marm,marm,NA,marm,1
324,NMNH 220749,38.061687,122.698933,marm,marm,marm,marm,NA,marm,0
327,NMNH 220752,38.061687,122.698933,marm,marm,marm,marm,NA,marm,NA
328,CAS 188531,38.0397,120.2317,marm,marm,SJ,marm,Foothill,NA,1
329,JRB unnumbered marm b,37.961696,120.241885,marm,marm,SJ,marm,Foothill,NA,1
330,CAS 43527,37.95778,121.28972,CCR,CCR,CCR,marm,NA,NA,1
332,MVZ 229219,37.9511805,121.962871699999,CCR,CCR,CCR,NA,NA,NA,1
333,MVZ 78786,37.947488,119.787659,marm,marm,SJ,marm,Foothill,NA,0
334,JRB 0242,37.945781,122.141954,marm,marm,marm,NA,NA,marm,1
335,CAS 186108,37.94333,122.26056,CCR,CCR,CCR,NA,NA,NA,1
337,MVZ 100397,37.8964,122.3542,CCR,CCR,CCR,NA,NA,NA,1
338,MVZ 8234,37.8855504,122.11396,CCR,CCR,CCR,NA,NA,NA,1
342,MVZ 5915,37.760415,120.130832,marm,marm,SJ,marm,Foothill,NA,1
345,MVZ 7162,37.7535359999999,120.1058,marm,marm,SJ,marm,Foothill,NA,1
346,MVZ 5912,37.740876,120.15755,marm,marm,SJ,marm,Foothill,NA,0
347,MVZ 5649,37.7084699999999,120.086517,marm,marm,SJ,marm,Foothill,NA,0
348,MVZ 5913,37.659263,120.28745,marm,marm,SJ,marm,Foothill,NA,1
350,MVZ 32246,37.6293799999999,121.7051798,CCR,CCR,CCR,NA,NA,NA,0
351,MVZ 60213,37.6209806999999,121.6998837,CCR,CCR,CCR,NA,NA,NA,NA
352,MVZ 60214,37.6209806999999,121.6998837,CCR,CCR,CCR,NA,NA,NA,0
353,MVZ 60215,37.6209806999999,121.6998837,CCR,CCR,CCR,NA,NA,NA,0
354,MVZ 187673,37.6126701,121.7419441,marm,marm,SJ,marm,Foothill,NA,1
356,MVZ 72459,37.5942599999999,121.90448,CCR,CCR,CCR,NA,NA,NA,0
357,CAS 137759,37.5903,121.1217,CCR,CCR,CCR,marm,NA,NA,1
358,CAS 205750,37.5215,121.5448,CCR,CCR,CCR,NA,NA,NA,0
359,LSUMZ 16352,37.5181,121.545,CCR,CCR,CCR,NA,NA,NA,NA
360,LSUMZ 16353,37.5181,121.545,CCR,CCR,CCR,NA,NA,NA,0
362,NMNH 323180,37.48498,119.965625,marm,marm,marm,marm,NA,NA,1
363,NMNH 323181,37.48498,119.965625,marm,marm,marm,marm,NA,marm,0
364,NMNH 323183,37.48498,119.965625,marm,marm,marm,marm,NA,marm,1
365,NMNH 326206,37.48498,119.965625,marm,marm,marm,marm,NA,marm,1
366,NMNH 326207,37.48498,119.965625,marm,marm,marm,marm,NA,marm,1
367,NMNH 326208,37.48498,119.965625,marm,marm,marm,marm,NA,marm,1
368,NMNH 326209,37.48498,119.965625,marm,marm,marm,marm,NA,marm,0
369,NMNH 326210,37.48498,119.965625,marm,marm,marm,marm,NA,marm,0
370,NMNH 326211,37.48498,119.965625,marm,marm,marm,marm,NA,marm,1
371,NMNH 326438,37.48498,119.965625,marm,marm,marm,marm,NA,marm,0
374,MVZ 137810,37.4476269999999,119.855560999999,marm,marm,SJ,marm,Foothill,NA,1
375,MVZ 137811,37.4476269999999,119.855560999999,marm,marm,SJ,marm,Foothill,NA,0
377,CAS 1236,37.44194,122.14194,CCR,CCR,CCR,NA,NA,NA,0
378,CAS 3170,37.44194,122.14194,CCR,CCR,CCR,NA,NA,NA,NA
379,CAS 3761,37.44194,122.14194,CCR,CCR,CCR,NA,NA,NA,1
383,CAS 188537,37.4271,121.5,CCR,CCR,CCR,NA,NA,NA,0
386,CAS 13900,37.3856,121.5714,CCR,CCR,CCR,NA,NA,NA,0
389,CAS 1238,37.3281,122.3681,CCR,CCR,CCR,NA,NA,NA,0
393,CAS 50168,37.1967,122.0833,CCR,CCR,CCR,NA,NA,NA,0
394,CAS 188538,37.1712,121.6633,CCR,CCR,CCR,NA,NA,NA,0
397,MVZ 55532,37.090636,119.721442999999,marm,marm,SJ,marm,Foothill,NA,1
398,LSUMZ 84384,37.090636,119.721442999999,marm,marm,SJ,marm,Foothill,NA,1
400,CAS 188530,37.0567,121.4642,CCR,CCR,CCR,NA,NA,NA,NA
401,CAS 208780,37.0435,119.34444,marm,marm,SJ,marm,Foothill,NA,1
402,MVZ 34937,37.0178099999999,119.70854,marm,marm,SJ,marm,Foothill,NA,1
403,MVZ 34938,37.004511,119.670285,marm,marm,SJ,marm,Foothill,NA,0
404,CAS 8611,37.0043,119.8417,marm,marm,SJ,marm,Foothill,NA,0
405,LACM 105320,37.002999,121.670181,CCR,CCR,CCR,NA,NA,NA,0
406,CAS 188528,37,121.5333,CCR,CCR,CCR,NA,NA,NA,NA
407,CAS 208745,36.9878,119.32372,marm,marm,SJ,marm,Foothill,NA,NA
408,NMNH 50944,36.971569,121.547258,marm,marm,marm,marm,NA,marm,0
409,CAS 218663,36.9519,121.55786,CCR,CCR,CCR,NA,NA,NA,0
413,MVZ 83561,36.8515761,121.429807999999,CCR,CCR,CCR,NA,NA,NA,NA
414,MVZ 83562,36.8515761,121.429807999999,CCR,CCR,CCR,NA,NA,NA,NA
416,CAS 53943,36.8257,121.3983,CCR,CCR,CCR,NA,NA,NA,0
420,MVZ 238089,36.6972,119.8911,marm,marm,SJ,marm,Foothill,NA,NA
421,MVZ 238090,36.6972,119.8911,marm,marm,SJ,marm,Foothill,NA,1
422,MVZ 238091,36.6972,119.8911,marm,marm,SJ,marm,Foothill,NA,NA
423,MVZ 238092,36.6972,119.8911,marm,marm,SJ,marm,Foothill,NA,NA
424,MVZ 238093,36.6972,119.8911,marm,marm,SJ,marm,Foothill,NA,1
425,MVZ 238094,36.6972,119.8911,marm,marm,SJ,marm,Foothill,NA,NA
426,MVZ 238095,36.6972,119.8911,marm,marm,SJ,marm,Foothill,NA,1
427,MVZ 238096,36.6972,119.8911,marm,marm,SJ,marm,Foothill,NA,1
428,MVZ 238097,36.6972,119.8911,marm,marm,SJ,marm,Foothill,NA,NA
429,MVZ 238098,36.6972,119.8911,marm,marm,SJ,marm,Foothill,NA,NA
430,MVZ 238099,36.6972,119.8911,marm,marm,SJ,marm,Foothill,NA,NA
431,MVZ 238100,36.6972,119.8911,marm,marm,SJ,marm,Foothill,NA,1
432,MVZ 238101,36.6972,119.8911,marm,marm,SJ,marm,Foothill,NA,NA
433,MVZ 207755,36.6968999999999,120.3357,CCR,marm,SJ,marm,Foothill,NA,1
434,LSUMZ 84379,36.6968999999999,120.3357,CCR,marm,SJ,marm,Foothill,NA,1
436,LSUMZ 84381,36.5916667,120.78833,CCR,CCR,CCR,NA,NA,NA,1
437,MVZ 21214,36.5844,120.80128,CCR,CCR,CCR,NA,NA,NA,NA
439,MVZ 21216,36.5844,120.80128,CCR,CCR,CCR,NA,NA,NA,NA
444,MVZ 83563,36.472323,121.1527483,CCR,CCR,CCR,NA,NA,NA,NA
445,MVZ 83631,36.461477,121.0651675,CCR,CCR,CCR,NA,NA,NA,0
447,LSUMZ 8421,36.2847,120.8408,CCR,CCR,CCR,NA,NA,NA,1
448,CAS 188534,36.2486,121.07923,CCR,CCR,CCR,NA,NA,NA,1
449,CAS 159487,36.20278,120.10194,CCR,marm,SJ,NA,NA,NA,1
450,FMNH 2905,36.202416,121.138948,CCR,CCR,CCR,NA,NA,NA,0
451,CAS 224885,36.20111,118.76086,marm,marm,SJ,marm,Foothill,NA,1
452,CAS 43451,36.195,119.29639,marm,marm,SJ,marm,Foothill,NA,0
453,CAS 224202,36.16144,118.70939,marm,marm,SJ,marm,Foothill,NA,1
455,CAS 188536,36.1014,121.4922,CCR,CCR,CCR,NA,NA,NA,0
456,JRB 0047,36.098018,119.881618,CCR,marm,SJ,marm,Foothill,NA,NA
457,CAS 8623,36.01528,121.24889,CCR,CCR,CCR,NA,NA,NA,0
458,CAS 9697,36.01528,121.24889,CCR,CCR,CCR,pall,NA,NA,0
459,CAS 54252,35.75805556,120.8836111,CCR,CCR,CCR,pall,pall,NA,1
460,MVZ 207756,35.7291834999999,118.1366644,marm,marm,SJ,marm,Foothill,NA,1
461,CAS 210455,35.7236,121.2767,CCR,CCR,CCR,pall,pall,NA,0
462,LSUMZ 84382,35.68472,118.1792,marm,marm,SJ,marm,Foothill,NA,1
463,LSUMZ 84383,35.68472,118.1792,marm,marm,SJ,marm,Foothill,NA,1
464,LACM 136728,35.663293,121.211844,CCR,CCR,CCR,pall,pall,NA,0
465,LACM 136729,35.663293,121.211844,CCR,CCR,CCR,pall,pall,NA,0
466,LACM 136726,35.6586,120.3702,CCR,CCR,CCR,pall,pall,NA,0
467,LACM 136727,35.6586,120.3702,CCR,CCR,CCR,pall,pall,NA,0
468,MSE field # 2065,35.653433,121.219499,CCR,CCR,CCR,pall,pall,NA,1
469,LACM 149102,35.651256,121.21952,CCR,CCR,CCR,pall,pall,NA,0
470,LACM 136730,35.642666,121.182429,CCR,CCR,CCR,pall,pall,NA,0
471,LACM 136731,35.642666,121.182429,CCR,CCR,CCR,pall,pall,NA,1
473,LACM 153075,35.622835,121.139309,CCR,CCR,CCR,pall,pall,NA,NA
474,MVZ 207757,35.622835,121.139309,CCR,CCR,CCR,pall,pall,NA,0
475,MVZ 207758,35.622835,121.139309,CCR,CCR,CCR,pall,pall,NA,0
476,LACM 153064,35.616655,121.147225,CCR,CCR,CCR,pall,pall,NA,0
477,LACM 153065,35.616655,121.147225,CCR,CCR,CCR,pall,pall,NA,0
478,LACM 153068,35.616655,121.147225,CCR,CCR,CCR,pall,pall,NA,0
479,MVZ 38414,35.6160459999999,118.4491945,marm,marm,SJ,marm,Foothill,NA,1
481,LACM 153063,35.599412,121.114286,CCR,CCR,CCR,pall,pall,NA,NA
482,LACM 153066,35.599412,121.114286,CCR,CCR,CCR,pall,pall,NA,0
483,LACM 153072,35.599412,121.114286,CCR,CCR,CCR,pall,pall,NA,NA
484,LACM 153073,35.599412,121.114286,CCR,CCR,CCR,pall,pall,NA,NA
485,LACM 153070,35.599412,121.114286,CCR,CCR,CCR,pall,pall,NA,0
486,LACM 153069,35.596671,121.117853,CCR,CCR,CCR,pall,pall,NA,0
487,MVZ 238103,35.5653,119.5358,CCR,marm,SJ,NA,NA,NA,NA
488,MVZ 238104,35.5653,119.5358,CCR,marm,SJ,NA,NA,NA,0
489,MVZ 238105,35.5653,119.5358,CCR,marm,SJ,NA,NA,NA,1
490,MVZ 238106,35.5653,119.5358,CCR,CCR,CCR,marm,NA,NA,1
491,MVZ 238107,35.5653,119.5358,CCR,marm,SJ,NA,NA,NA,1
492,LSUMZ 84380,35.5625,120.95167,CCR,CCR,CCR,NA,NA,NA,0
493,LACM 149101,35.540598,121.073564,CCR,CCR,CCR,pall,pall,NA,0
494,LSUMZ 18504,35.300071,119.2583,CCR,marm,SJ,NA,NA,NA,1
496,LACM 23487,35.254954,120.271927,CCR,CCR,CCR,pall,pall,NA,0
498,KDA 0032,35.2045,120.0388333,CCR,CCR,CCR,pall,pall,NA,0
499,CAS 43441,35.195,119.29639,CCR,marm,SJ,NA,NA,NA,1
500,CAS 43442,35.195,119.29639,CCR,marm,SJ,NA,NA,NA,1
501,CAS 43443,35.195,119.29639,CCR,marm,SJ,NA,NA,NA,1
502,CAS 43444,35.195,119.29639,CCR,marm,SJ,NA,NA,NA,NA
503,CAS 43445,35.195,119.29639,CCR,marm,SJ,NA,NA,NA,NA
504,CAS 43446,35.195,119.29639,CCR,marm,SJ,NA,NA,NA,1
505,CAS 43447,35.195,119.29639,CCR,marm,SJ,NA,NA,NA,NA
506,CAS 43448,35.195,119.29639,CCR,marm,SJ,NA,NA,NA,NA
507,CAS 43449,35.195,119.29639,CCR,marm,SJ,NA,NA,NA,1
508,CAS 43450,35.195,119.29639,CCR,marm,SJ,NA,NA,NA,1
509,KDA 0027,35.1863,119.984633,CCR,CCR,CCR,pall,pall,NA,0
510,KDA 0028,35.1863,119.984633,CCR,CCR,CCR,pall,pall,NA,0
511,KDA 0029,35.1863,119.984633,CCR,CCR,CCR,pall,pall,NA,1
512,KDA 0030,35.1863,119.984633,CCR,CCR,CCR,pall,pall,NA,0
513,KDA 0031,35.1863,119.984633,CCR,CCR,CCR,pall,pall,NA,0
514,MSE SSS 31498,35.144792,120.181512,CCR,CCR,CCR,pall,pall,NA,NA
515,MSE SSS 31499,35.144792,120.181512,CCR,CCR,CCR,pall,pall,NA,NA
516,MSE 22297,35.14369,120.02718,CCR,CCR,CCR,pall,pall,NA,0
517,KDA 0033,35.14346667,120.0266833,CCR,CCR,CCR,pall,pall,NA,NA
518,KDA 0034,35.14346667,120.0266833,CCR,CCR,CCR,pall,pall,NA,NA
519,KDA 0035,35.14346667,120.0266833,CCR,CCR,CCR,pall,pall,NA,NA
520,KDA 0036,35.14346667,120.0266833,CCR,CCR,CCR,pall,pall,NA,NA
521,KDA 0037,35.14346667,120.0266833,CCR,CCR,CCR,pall,pall,NA,NA
522,KDA 0038,35.14346667,120.0266833,CCR,CCR,CCR,pall,pall,NA,NA
523,KDA 0039,35.14346667,120.0266833,CCR,CCR,CCR,pall,pall,NA,NA
524,KDA 0041,35.14346667,120.0266833,CCR,CCR,CCR,pall,pall,NA,NA
525,KDA 0042,35.14346667,120.0266833,CCR,CCR,CCR,pall,pall,NA,0
526,KDA 0043,35.14346667,120.0266833,CCR,CCR,CCR,pall,pall,NA,0
527,KDA 0044,35.14346667,120.0266833,CCR,CCR,CCR,pall,pall,NA,NA
528,KDA 0045,35.14346667,120.0266833,CCR,CCR,CCR,pall,pall,NA,0
529,KDA 0046,35.14346667,120.0266833,CCR,CCR,CCR,pall,pall,NA,0
530,KDA 0047,35.14346667,120.0266833,CCR,CCR,CCR,pall,pall,NA,0
531,KDA 0048,35.14346667,120.0266833,CCR,CCR,CCR,pall,pall,NA,0
532,KDA 0049,35.14346667,120.0266833,CCR,CCR,CCR,pall,pall,NA,NA
533,KDA 0051,35.14346667,120.0266833,CCR,CCR,CCR,pall,pall,NA,0
534,KDA 0052,35.14346667,120.0266833,CCR,CCR,CCR,pall,pall,NA,0
535,KDA 0053,35.14346667,120.0266833,CCR,CCR,CCR,pall,pall,NA,0
536,KDA 0054,35.14346667,120.0266833,CCR,CCR,CCR,pall,pall,NA,NA
537,KDA 0055,35.14346667,120.0266833,CCR,CCR,CCR,pall,pall,NA,0
538,KDA 0056,35.14346667,120.0266833,CCR,CCR,CCR,pall,pall,NA,0
539,KDA 0057,35.14346667,120.0266833,CCR,CCR,CCR,pall,pall,NA,0
540,KDA 0058,35.14346667,120.0266833,CCR,CCR,CCR,pall,pall,NA,0
541,KDA 0059,35.14346667,120.0266833,CCR,CCR,CCR,pall,pall,NA,0
542,KDA 0060,35.14346667,120.0266833,CCR,CCR,CCR,pall,pall,NA,0
543,KDA 0061,35.14346667,120.0266833,CCR,CCR,CCR,pall,pall,NA,0
544,KDA 0062,35.14346667,120.0266833,CCR,CCR,CCR,pall,pall,NA,0
545,KDA 0063,35.14346667,120.0266833,CCR,CCR,CCR,pall,pall,NA,0
546,KDA 0040,35.14346667,120.0266833,CCR,CCR,CCR,pall,pall,NA,NA
547,KDA 0050,35.14346667,120.0266833,CCR,CCR,CCR,pall,pall,NA,0
548,MSE 25555,35.121268,120.212471,CCR,CCR,CCR,pall,pall,NA,1
549,CAS 188529,35.1028,120.1075,CCR,CCR,CCR,pall,pall,NA,0
550,MSE 12758,35.064739,120.172683,CCR,CCR,CCR,pall,pall,NA,NA
553,MVZ 187675,35.0223885999999,120.2263944,marm,marm,SJ,marm,Foothill,NA,NA
555,MSE 23947,35.0211,120.1149,CCR,CCR,CCR,pall,pall,NA,NA
556,MSE 93-153,34.997639,120.333128,CCR,CCR,CCR,pall,pall,NA,0
557,NMNH 59765,34.9863888889,-119.793333333,CCR,CCR,CCR,pall,pall,NA,1
558,SDMNH 62528,34.984809,120.388343,CCR,CCR,CCR,pall,pall,NA,0
560,MSE 10915,34.946528,120.105929,CCR,CCR,CCR,pall,pall,NA,0
561,MSE 23949,34.944761,120.11016,CCR,CCR,CCR,pall,pall,NA,NA
562,MSE 23547,34.942286,120.11641,CCR,CCR,CCR,pall,pall,NA,NA
563,MSE 23548,34.942286,120.11641,CCR,CCR,CCR,pall,pall,NA,NA
564,MSE 23549,34.942286,120.11641,CCR,CCR,CCR,pall,pall,NA,NA
565,LACM 23488,34.907827,120.230385,CCR,CCR,CCR,pall,pall,NA,0
567,SDMNH 17135,34.904927,116.732036,pall,pall,pall,pall,pall,pall,0
568,SDMNH 17136,34.904927,116.732036,pall,pall,pall,pall,pall,pall,0
569,MSE 12759-SSS 24366,34.903056,120.3125,CCR,CCR,CCR,pall,pall,NA,1
570,MSE 12760,34.903056,120.3125,CCR,CCR,CCR,pall,pall,NA,NA
571,MSE 12761,34.903056,120.3125,CCR,CCR,CCR,pall,pall,NA,NA
573,MSE 29079,34.78531,120.525012,CCR,CCR,CCR,pall,pall,NA,0
574,MSE 95-93,34.783875,120.539884,CCR,CCR,CCR,pall,pall,NA,0
575,SDMNH 59680,34.781008,120.588676,CCR,CCR,CCR,pall,pall,NA,NA
577,SDMNH 64415,34.781008,120.588676,CCR,CCR,CCR,pall,pall,NA,1
578,MSE 28488,34.777037,120.553927,CCR,CCR,CCR,pall,pall,NA,0
579,MSE 28425,34.776186,120.571241,CCR,CCR,CCR,pall,pall,NA,NA
580,MSE 15190,34.7744,119.5737,CCR,CCR,CCR,pall,pall,NA,0
581,MSE 15191,34.7744,119.5737,CCR,CCR,CCR,pall,pall,NA,0
582,MSE 05-24,34.767488,120.522617,CCR,CCR,CCR,pall,pall,NA,0
583,MSE 28423,34.767488,120.522617,CCR,CCR,CCR,pall,pall,NA,1
584,SDMNH 58516,34.724118,120.509087,CCR,CCR,CCR,pall,pall,NA,1
585,SDMNH 58517,34.724118,120.509087,CCR,CCR,CCR,pall,pall,NA,0
586,MSE 28447,34.714226,120.502489,CCR,CCR,CCR,pall,pall,NA,0
587,MSE 12763,34.7047,119.3837,CCR,CCR,CCR,pall,pall,NA,0
588,KDA 0015,34.69515,118.8548,CCR,CCR,CCR,pall,pall,NA,NA
589,KDA 0016,34.69515,118.8548,CCR,CCR,CCR,pall,pall,NA,NA
590,KDA 0017,34.69515,118.8548,CCR,CCR,CCR,pall,pall,NA,0
591,KDA 0018,34.69515,118.8548,CCR,CCR,CCR,pall,pall,NA,0
592,KDA 0019,34.69515,118.8548,CCR,CCR,CCR,pall,pall,NA,0
593,KDA 0020,34.6941,118.8578167,CCR,CCR,CCR,pall,pall,NA,0
594,KDA 0021,34.6941,118.8578167,CCR,CCR,CCR,pall,pall,NA,0
595,KDA 0022,34.6941,118.8578167,CCR,CCR,CCR,pall,pall,NA,0
596,KDA 0023,34.6941,118.8578167,CCR,CCR,CCR,pall,pall,NA,1
597,KDA 0024,34.6941,118.8578167,CCR,CCR,CCR,pall,pall,NA,0
598,KDA 0025,34.6941,118.8578167,CCR,CCR,CCR,pall,pall,NA,1
599,KDA 0014,34.6865,118.8465833,CCR,CCR,CCR,pall,pall,NA,1
600,KDA 0011,34.68151667,118.8415,CCR,CCR,CCR,pall,pall,NA,0
601,KDA 0012,34.68151667,118.8415,CCR,CCR,CCR,pall,pall,NA,1
602,KDA 0013,34.68151667,118.8415,CCR,CCR,CCR,pall,pall,NA,1
603,KDA 0007,34.67995,118.8387667,CCR,CCR,CCR,pall,pall,NA,0
604,KDA 0008,34.67995,118.8387667,CCR,CCR,CCR,pall,pall,NA,0
605,KDA 0009,34.67995,118.8387667,CCR,CCR,CCR,pall,pall,NA,0
606,KDA 0010,34.67995,118.8387667,CCR,CCR,CCR,pall,pall,NA,1
607,KDA 0006,34.675,118.8370667,CCR,CCR,CCR,pall,pall,NA,1
608,KDA 0002,34.67335,118.8355667,CCR,CCR,CCR,pall,pall,NA,1
609,KDA 0003,34.67335,118.8355667,CCR,CCR,CCR,pall,pall,NA,0
610,KDA 0004,34.67335,118.8355667,CCR,CCR,CCR,pall,pall,NA,0
611,KDA 0005,34.67335,118.8355667,CCR,CCR,CCR,pall,pall,NA,0
612,KDA 0001,34.673,118.8374833,CCR,CCR,CCR,pall,pall,NA,1
613,MSE 14843-SSS 25868,34.651602,120.312195,CCR,CCR,CCR,pall,pall,NA,0
614,MSE 12236,34.611473,118.769158,CCR,CCR,CCR,pall,pall,NA,0
615,MSE No #,34.59927,120.555313,CCR,CCR,CCR,pall,pall,NA,0
616,CAS 13898,34.5847,119.2678,CCR,CCR,CCR,pall,pall,NA,1
617,MVZ 129928,34.5815868999999,120.1073746,CCR,CCR,CCR,pall,pall,NA,NA
618,MSE 13360,34.577047,118.938298,CCR,CCR,CCR,pall,pall,NA,0
619,MSE 12762,34.574995,119.163852,CCR,CCR,CCR,pall,pall,NA,0
620,MSE 10910,34.5629798492399,119.660682678222,CCR,CCR,CCR,pall,pall,NA,0
621,MSE 10911,34.5629798492399,119.660682678222,CCR,CCR,CCR,pall,pall,NA,0
622,MSE 10912,34.5629798492399,119.660682678222,CCR,CCR,CCR,pall,pall,NA,0
623,MSE 10913-SSS 22238,34.5629798492399,119.660682678222,CCR,CCR,CCR,pall,pall,NA,0
624,LACM 74388,34.5611,119.164,CCR,CCR,CCR,pall,pall,NA,0
625,MSE 13103,34.547559,118.769981,CCR,CCR,CCR,pall,pall,NA,0
626,LACM 149100,34.54667,118.518847,CCR,CCR,CCR,pall,pall,NA,NA
628,CAS 13894,34.5417,118.7633,CCR,CCR,CCR,pall,pall,NA,0
629,MSE 27687,34.537003,118.759076,CCR,CCR,CCR,pall,pall,NA,0
630,MSE 27688,34.537003,118.759076,CCR,CCR,CCR,pall,pall,NA,NA
631,MSE 10914,34.529029,119.700302,CCR,CCR,CCR,pall,pall,NA,0
632,MSE 27621,34.529029,119.700302,CCR,CCR,CCR,pall,pall,NA,0
633,MSE 27690,34.529029,119.700302,CCR,CCR,CCR,pall,pall,NA,NA
634,MSE 10909,34.5241311121841,119.692482948303,CCR,CCR,CCR,pall,pall,NA,NA
635,SBMNH 1271,34.523805,119.629822,CCR,CCR,CCR,pall,pall,NA,0
636,MSE 15189,34.513927,120.485369,CCR,CCR,CCR,pall,pall,NA,0
637,SBMNH 1440,34.511994,120.467693,CCR,CCR,CCR,pall,pall,NA,1
638,MSE 29080,34.511369,120.501783,CCR,CCR,CCR,pall,pall,NA,0
639,MSE 10120,34.507759,119.577467,CCR,CCR,CCR,pall,pall,NA,1
640,MSE 27694,34.507152,119.824972,CCR,CCR,CCR,pall,pall,NA,0
641,MSE 18171,34.50491,120.499387,CCR,CCR,CCR,pall,pall,NA,0
642,MSE 12155,34.500494,119.565538,CCR,CCR,CCR,pall,pall,NA,0
643,MSE 10001,34.494514,119.330126,CCR,CCR,CCR,pall,pall,NA,1
644,MSE 10002,34.494514,119.330126,CCR,CCR,CCR,pall,pall,NA,1
645,MSE 10906,34.494514,119.330126,CCR,CCR,CCR,pall,pall,NA,NA
646,MSE 10907,34.4910299946658,119.54528331,CCR,CCR,CCR,pall,pall,NA,NA
647,MSE 10908,34.4910299946658,119.54528331,CCR,CCR,CCR,pall,pall,NA,NA
648,KDA 0026,34.48658333,119.5240167,CCR,CCR,CCR,pall,pall,NA,0
649,SBMNH 241,34.483975,120.23135,CCR,CCR,CCR,pall,pall,NA,0
650,LACM 27646,34.476869,118.943411,CCR,CCR,CCR,pall,pall,NA,0
653,LACM 61184,34.476869,118.943411,CCR,CCR,CCR,pall,pall,NA,0
657,LACM 23491,34.453533,118.924763,CCR,CCR,CCR,pall,pall,NA,0
658,CAS 50473,34.4389,118.9267,CCR,CCR,CCR,pall,pall,NA,0
659,LACM 7996,34.425477,118.930212,CCR,CCR,CCR,pall,pall,NA,0
660,SBMNH 395,34.418927,119.845242,CCR,CCR,CCR,pall,pall,NA,NA
661,MSE 9184,34.413333,119.875556,CCR,CCR,CCR,pall,pall,NA,0
662,MSE 12985,34.411682,119.88296,CCR,CCR,CCR,pall,pall,NA,0
664,CAS 13895,34.3972,119.2882,CCR,CCR,CCR,pall,pall,NA,0
666,LACM 127423,34.386109,118.953664,CCR,CCR,CCR,pall,pall,NA,1
667,MSE 12235,34.38,118.954722,CCR,CCR,CCR,pall,pall,NA,0
668,LACM 105321,34.361424,119.319279,CCR,CCR,CCR,pall,pall,NA,0
669,MSE 19558,34.354783,119.31017,CCR,CCR,CCR,pall,pall,NA,0
670,MSE 26667,34.354049,19.022393,CCR,CCR,CCR,pall,pall,NA,0
671,MSE 96-78,34.315082,119.094865,CCR,CCR,CCR,pall,pall,NA,0
672,MSE 27691,34.301385,119.111419,CCR,CCR,CCR,pall,pall,NA,0
673,MSE 95-82,34.295525,119.306505,CCR,CCR,CCR,pall,pall,NA,0
674,SBMNH 422,34.275348,119.309413,CCR,CCR,CCR,pall,pall,NA,0
675,LACM 27649,34.262382,117.889262,pall,pall,pall,pall,pall,pall,0
677,LACM 23492,34.1403,118.8587,CCR,CCR,CCR,pall,pall,NA,0
678,LACM 23524,34.09476,118.62052,pall,pall,pall,pall,pall,pall,0
680,LACM 7999,34.055299,118.244647,pall,pall,pall,pall,NA,pall,0
681,NMNH 55548,34.055299,118.244647,pall,pall,pall,pall,NA,pall,1
682,NMNH 217291,34.055299,118.244647,pall,pall,pall,pall,NA,pall,0
684,FMNH 211580,34.011697,118.495727,pall,pall,pall,pall,NA,pall,0
685,"FMNH 2489 ""a""",33.953411,117.395931,pall,pall,pall,pall,NA,pall,0
686,"FMNH 2489 ""b""",33.953411,117.395931,pall,pall,pall,pall,NA,pall,0
687,FMNH 22075,33.953411,117.395931,pall,pall,pall,pall,NA,pall,NA
688,FMNH 22076,33.953411,117.395931,pall,pall,pall,pall,NA,pall,NA
690,LACM 27651,33.9347,117.7926,pall,pall,pall,pall,NA,pall,0
691,MVZ 6713,33.810366,118.074744,pall,pall,pall,pall,NA,pall,0
692,MVZ 6714,33.810366,118.074744,pall,pall,pall,pall,NA,pall,0
693,MVZ 6715,33.810366,118.074744,pall,pall,pall,pall,NA,pall,NA
694,MVZ 6717,33.810366,118.074744,pall,pall,pall,pall,NA,pall,0
698,LACM 105309,33.802574,118.094116,pall,pall,pall,pall,NA,pall,0
700,CAS 8635,33.75639,118.18806,pall,pall,pall,pall,NA,pall,NA
707,LACM 105318,33.684476,117.272953,pall,pall,pall,pall,NA,pall,0
708,LACM 105315,33.522585,117.70769,pall,pall,pall,pall,NA,pall,0
709,LACM 105316,33.519714,117.675566,pall,pall,pall,pall,NA,pall,0
710,LACM 138632,33.5105,117.7533,pall,pall,pall,pall,NA,pall,NA
711,NMNH 55549,33.5105,117.7533,pall,pall,pall,pall,NA,pall,1
712,NMNH 55550,33.5105,117.7533,pall,pall,pall,pall,NA,pall,0
715,LACM 105324,33.380553,117.305095,pall,pall,pall,pall,NA,pall,0
716,LACM 105319,33.360313,117.283617,pall,pall,pall,pall,NA,pall,0
717,LACM 105325,33.35624,117.312476,pall,pall,pall,pall,NA,pall,0
718,LACM 152503,33.330844,117.334505,pall,pall,pall,pall,NA,pall,0
719,LACM 152505,33.330844,117.334505,pall,pall,pall,pall,NA,pall,0
720,LACM 152564,33.330844,117.334505,pall,pall,pall,pall,NA,pall,0
724,LACM 152566,33.330844,117.334505,pall,pall,pall,pall,NA,pall,NA
725,SDMNH 46018,33.323755,117.494948,pall,pall,pall,pall,NA,pall,0
726,SDMNH 46019,33.323755,117.494948,pall,pall,pall,pall,NA,pall,0
727,SDMNH 46020,33.323755,117.494948,pall,pall,pall,pall,NA,pall,0
728,SDMNH 46021,33.323755,117.494948,pall,pall,pall,pall,NA,pall,NA
739,SDMNH 46098,33.045501,117.228007,pall,pall,pall,pall,NA,pall,1
740,SDMNH 68948,32.968702,116.680933,pall,pall,pall,pall,NA,pall,0
746,NMNH 10687,32.715343,117.155313,pall,pall,pall,pall,NA,pall,1
747,SDMNH 68966,32.682,116.6253,pall,pall,pall,pall,NA,pall,1
750,SDMNH 14217,32.604957,116.612482,pall,pall,pall,pall,NA,pall,1
751,SDMNH 14218,32.604957,116.612482,pall,pall,pall,pall,NA,pall,1
752,SDMNH 14219,32.604957,116.612482,pall,pall,pall,pall,NA,pall,0
753,NMNH 22052,32.550842,116.797637,pall,pall,pall,pall,NA,pall,1
754,SDMNH 43635,32.154727,115.789368,pall,pall,pall,pall,NA,pall,0
756,LACM 105322,31.893969,116.599001,pall,pall,pall,pall,NA,pall,0
757,MVZ 10494,31.3842,115.7879,pall,pall,pall,pall,Baja,pall,1
760,MVZ 207761,31.1125,115.8336111,pall,pall,pall,pall,Baja,pall,0
763,MVZ 9818,30.9728,116.1242,pall,pall,pall,pall,Baja,pall,0
764,MVZ 9819,30.9728,116.1242,pall,pall,pall,pall,Baja,pall,0
765,CAS 56884,30.9167,115.6357,pall,pall,pall,pall,Baja,pall,1
766,CAS 56885,30.9167,115.6357,pall,pall,pall,pall,Baja,pall,1
769,CAS 138885,30.3092,115.1667,pall,pall,pall,pall,Baja,pall,1
