individual,Specimen,Lat,Long,year,2011 Bin sch. 1,2011 Bin sch. 2,2011 Bin sch. 3,Spinks group (prelim),,Parham sex,Buskirk sex,prelim sex bin,notes,,Specimens are in the order in which they appear in the TPS file.,
1,CAS 1223,37.44194,122.14194,1893,CCR,CCR,CCR,1?,1,J,J,3,,,Yellow = lat/long not listed in catalogue and/or no recorded date,
2,CAS 1236,37.44194,122.14194,1893,CCR,CCR,CCR,1?,1,F,F,2,,,Green = possible coords checked/updated in atlas or online,
3,CAS 1238,37.3281,122.3681,1892,CCR,CCR,CCR,1?,1,M,m,1,,,,
4,CAS 1240,37.45,122.1667,1893,CCR,CCR,CCR,1?,1,J,F?,3,"coords on boundary between San mateo and Santa Clara County, close to stanford campus",,,
5,CAS 2735,42.2306,121.7983,1894,marm,marm,marm,1,1,J,J,3,"oregon; coords are from online version of USGS topo map for Klamath Falls (waterfall, not town)",,,
6,CAS 2736,42.2306,121.7983,1894,marm,marm,marm,1,1,j,j,1,"oregon; coords are from online version of USGS topo map for Klamath Falls (waterfall, not town)",,,
7,CAS 3170,37.44194,122.14194,1897,CCR,CCR,CCR,1?,1,M,M,1,,,,
8,CAS 3761,37.44194,122.14194,1898,CCR,CCR,CCR,1?,1,F,F,2,,,,
9,CAS 3782,41.7283,122.55439,,marm,marm,marm,1,1,F,F,2,coords for where hwy 3 crosses shasta river near montague,,,
10,CAS 4215,38.7014,123.4147,1897,marm,marm,marm,1,1,J,J,3,,,,
11,CAS 4227,38.41944,122.35278,1897,marm,marm,marm,1,1,J,J,3,,,,
12,CAS 6078,38.5789,122.5786,1897,marm,marm,marm,1,1,J,J,3,"coords for calistoga, very close to napa river",,,
13,CAS 7759,30.7342,115.62619,1936,pall,pall,pall,4,4,J,J,3,"coords are for a ranch called San Antonio that is near the San Pedro Martir mts., a few miles south of Valladeres Creek; it is on a creek that is also called San Antonio",,,
14,CAS 7789,42.9281,122.9542,1937,marm,marm,marm,1,1,J,J,3,oregon; coords are for a point on umpqua river next to Tiller (a populated place) in Umpqua National Forest (from online USGS topo),,,
15,CAS 7801,37.128,119.524,1934,marm,marm,SJ,2?,2,J,J,3,"coords for Kerchoff dam, but match up for lake in atlas",,,
16,CAS 7847,37.4272,122.1775,1898,CCR,CCR,CCR,1?,1,J,J,3,"Coords for Stanford Univ., but very close to a pond on map",,,
17,CAS 8611,37.0043,119.8417,1899,marm,marm,SJ,1?,1,M,M?,1,Pollasky is now called Friant; no direct road there from Raymond; Coords for an improved crossing close to raymond,,,
18,CAS 8612,40.7375,122.4875,1937,marm,marm,marm,1,1,J,J,3,no record of Idalpom found; approx coords for junction of North and South forks of Squaw Creek,,,
19,CAS 8623,36.01528,121.24889,1939,CCR,CCR,CCR,1,1,F,J,2,,,,
20,CAS 8624,42.5958,114.3994,1894,?,?,?,1?,1,J,J,3,"Idaho; Coords are for a point slightly upstream of Shoshone Falls, which is east of the town of Twin Falls (from USGS online topo)",,,
21,CAS 8643,37.1339,122.2667,1936,CCR,CCR,CCR,1?,1,J,J,3,Coords for junction of east and west waddell creek,,,
22,CAS 9697,36.01528,121.24889,1941,CCR,CCR,CCR,1,1,F,F,2,,,,
23,CAS 11889,37.344,121.7167,1948,CCR,CCR,CCR,1?,1,J,J,3,"coords for pond in Joseph D. Grant County Park, just off Rt. 130 near Mt. Hamilton and Lick observatory",,,
24,CAS 13174,38.3389,122.3817,1906,marm,marm,marm,1,1,j,j,3,"Coords are for a place on redwood creek near mt. veeder, close to where Theodore Gier had some winery buildings (now owned by Donald Hess) at 4411 Redwood dr.",,,
25,CAS 13175,38.3389,122.3817,1906,marm,marm,marm,1,1,J,F,3,"Coords are for a place on redwood creek near mt. veeder, close to where Theodore Gier had some winery buildings (now owned by Donald Hess) at 4411 Redwood dr.",,,
26,CAS 13176,38.3389,122.3817,1906,marm,marm,marm,1,1,M,m?,1,"Coords are for a place on redwood creek near mt. veeder, close to where Theodore Gier had some winery buildings (now owned by Donald Hess) at 4411 Redwood dr.",,,
27,CAS 13643,36.555,121.91833,1908,CCR,CCR,CCR,1?,1,J,J,3,,,,
28,CAS 13893,34.5417,118.7633,1950,CCR,CCR,CCR,4?,4,J,J,3,"Coords are for a point on Piru creek approximately 10 miles north (measured north 10 miles, then straight east to creek) of Piru",,,
29,CAS 13894,34.5417,118.7633,1950,CCR,CCR,CCR,4?,4,F,F,2,"Coords are for a point on Piru creek approximately 10 miles north (measured north 10 miles, then straight east to creek) of Piru",,,
30,CAS 13895,34.3972,119.2882,1949,CCR,CCR,CCR,3?,3,F,F,2,Coords are for point on San Antonio creek approximately 2.5 miles north (measured northeast) of Casitas springs,,,
31,CAS 13896,34.3972,119.2882,1949,CCR,CCR,CCR,3?,3,J,J,3,Coords are for point on San Antonio creek approximately 2.5 miles north (measured northeast) of Casitas springs,,,
32,CAS 13897,38.3153,119.0917,1948,marm,marm,SJ,1,1,M,M,1,coords are for a point on the Santa Clara river approximatley 4 miles southwest of middle of Santa Paula,,,
33,CAS 13898,34.5847,119.2678,1948,CCR,CCR,CCR,3,3,M,M,1,Coords for confluence of potrero john and sespe creeks,,,
34,CAS 13899,41.0461,122.3903,1950,marm,marm,marm,1,1,J,J,3,Coords for Shiloah Mineral Springs,,,
35,CAS 13900,37.3856,121.5714,1950,CCR,CCR,CCR,1?,1,M,F,1,Cords for Arroyo Bayo,,,
36,CAS 15131,39.5281,122.4542,1938,marm,marm,marm,1,1,J,J,3,Coords for Sherwood valley,,,
37,CAS 15132,39.5281,122.4542,1938,marm,marm,marm,1,1,J,J,3,Coords for Sherwood valley,,,
38,CAS 18163,37.42194,122.175,1953,CCR,CCR,CCR,1?,1,J,J,3,,,,
39,CAS 20160,42.2306,121.7983,1909,marm,marm,marm,1,1,M,M,1,"oregon; coords are from online version of USGS topo map for Klamath Falls (waterfall, not town)",,,
40,CAS 20762,38.3583,123.0386,1957,marm,marm,marm,1,1,M,M,1,coords for pepperwood gulch; not shown labeled in atlas,,,
41,CAS 27310,36.53611,121.92694,1909,CCR,CCR,CCR,1?,1,J,J,3,,,,
42,CAS 27937,38.45389,123.05389,1911,marm,marm,marm,1,1,J,J,3,,,,
43,CAS 28016,38.6931,123.0256,1911,marm,marm,marm,1,1,J,J,3,Coords for skaggs springs,,,
44,CAS 29575,43.6608,123.3175,1911,marm,marm,marm,1,1,F,F,2,oregon; coords are for a point on Elk Creek near the center of town of Drain; from USGS Topo Map,,,
45,CAS 30882,33.75,117.6667,1911,pall,pall,pall,4,4,J,j,3,"Coords are for a point on an unnamed (at least on map) creek in Silverado Canyon, Orange Cty.; easily measurable body of water that seem a reasonable appoximation given vagueness of data",,,
46,CAS 33372,37.76528,122.24056,1912,CCR,CCR,CCR,1?,1,J,J,3,,,,
47,CAS 40034,32.9506,117.0489,1915,pall,pall,pall,4,4,J,J,3,"Coords for junction of rattlesnake and poway creeks, within town of Poway",,,
48,CAS 40035,32.9506,117.0489,1915,pall,pall,pall,4,4,J,J,3,"Coords for junction of rattlesnake and poway creeks, within town of Poway",,,
49,CAS 43441,35.195,119.29639,1917,CCR,marm,SJ,2?,2,F,F?,2,,,,
50,CAS 43442,35.195,119.29639,1917,CCR,marm,SJ,2?,2,M,M,1,,,,
51,CAS 43443,35.195,119.29639,1917,CCR,marm,SJ,2?,2,F,F?,2,,,,
52,CAS 43444,35.195,119.29639,1917,CCR,marm,SJ,2?,2,F,F,2,,,,
53,CAS 43445,35.195,119.29639,1917,CCR,marm,SJ,2?,2,F,F,2,,,,
54,CAS 43446,35.195,119.29639,1917,CCR,marm,SJ,2?,2,M,M,1,,,,
55,CAS 43447,35.195,119.29639,1917,CCR,marm,SJ,2?,2,F,F,2,,,,
56,CAS 43448,35.195,119.29639,1917,CCR,marm,SJ,2?,2,F,F,2,,,,
57,CAS 43449,35.195,119.29639,1917,CCR,marm,SJ,2?,2,F,F,2,,,,
58,CAS 43450,35.195,119.29639,1917,CCR,marm,SJ,2?,2,m?,M?,?,,,,
59,CAS 43527,37.95778,121.28972,1917,CCR,CCR,CCR,1?,1,m,m,2,,,,
60,CAS 43582,41.52083,122.51917,1917,marm,marm,marm,1,1,m,m,2,,,,
61,CAS 43584,41.52083,122.51917,1917,marm,marm,marm,1,1,F,F,2,,,,
62,CAS 43586,41.52083,122.51917,1917,marm,marm,marm,1,1,j,j,2,,,,
63,CAS 43587,41.52083,122.51917,1917,marm,marm,marm,1,1,F,F,2,,,,
64,CAS 44271,41.9047,121.6456,1918,marm,marm,marm,1,1,F,F,2,Coords for a point on SE side of lower Klamath lake,,,
65,CAS 44273,41.9047,121.6456,1918,marm,marm,marm,1,1,F,F,2,Coords for a point on SE side of lower Klamath lake,,,
66,CAS 50473,34.4389,118.9267,1921,CCR,CCR,CCR,3?,3,M,M,1,coords for a point on sespe creek approx 3 miles north of center of filmore,,,
67,CAS 53932,39.005,122.79222,1922,marm,marm,marm,1,1,J,J,3,,,,
68,CAS 53943,36.8257,121.3983,1922,CCR,CCR,CCR,1?,1,f,F?,3,Coords are for a point on the San Benito River south of the center of Hollister ,,,
69,CAS 56884,30.9167,115.6357,1923,pall,pall,pall,4,4,?,M?,?,"La Joya is not on map, but I did find Valladares Creek in San PEdro Matir Mts.; coords are for el portrero ranch, which seem close (but not within 2 miles) of the coords the NGA GNS database came up with for a L Joya (that is not labeled on map) in this general area",,,
70,CAS 56885,30.9167,115.6357,1923,pall,pall,pall,4,4,M,M,1,"La Joya is not on map, but I did find Valladares Creek in San PEdro Matir Mts.; coords are for el portrero ranch, which seem close (but not within 2 miles) of the coords the NGA GNS database came up with for a L Joya (that is not labeled on map) in this general area",,,
71,CAS 57633,35.25343,120.6769,1923,CCR,CCR,CCR,1?,1,J,J,3,,,,
72,CAS 137759,37.5903,121.1217,1987,CCR,CCR,CCR,1?,1,M,M,1,"Coords are for a point approx 1.5km (linear, not exactly following curves of river) upstream of shiloh rd. bridge",,,
73,CAS 138885,30.3092,115.1667,1974,pall,pall,pall,4,4,m,m,2,Coords are for a ranch Called San Juan de Dios that is about 30 miles north east of Rosario (linear) that is along a stream also called San Juan de Dios,,,
74,CAS 159487,36.20278,120.10194,1984,CCR,marm,SJ,1?,1,M,M,1,,,,
75,CAS 186108,37.94333,122.26056,1992,CCR,CCR,CCR,1?,1,M,M,1,,,,
76,CAS 188527,39.0132,122.357,1986,marm,marm,marm,1,1,J,J,3,,,,
77,CAS 188528,37,121.5333,1989,CCR,CCR,CCR,1?,1,F,F,2,coords for a point about .5 miles south of hwy 152 on llagas creek,,,
78,CAS 188529,35.1028,120.1075,1988,CCR,CCR,CCR,1?,1,M,M,1,coords for a point about 28.6 miles west of new cuyama on hwy 166 on cuyama river,,,
79,CAS 188530,37.0567,121.4642,1987,CCR,CCR,CCR,1?,1,M,M,1,coords for a point 4 miles (linear) south of gilroy hot springs for creek next to canada rd.121,,,
80,CAS 188531,38.0397,120.2317,1986,marm,marm,SJ,1,1,M,M,1,"Found Twain Harte and Cedar Ridge on map, but no obvious Cedar Ridge lake; Coords used here are for Twain Harte and appear to be on a creek that runs through area (possibly Sullivan Creek?)",,,
81,CAS 188532,39.2486,121.07923,1986,marm,marm,marm,1,1,F,F,2,,,,
82,CAS 188533,39.0132,122.357,1986,marm,marm,marm,1,1,f,f,3,coords are for easternmost point where hwy 20 crosses bear creek,,,
83,CAS 188534,36.2486,121.07923,1986,CCR,CCR,CCR,1?,1,M,M,1,,,,
84,CAS 188535,37.5179,121.81,1987,CCR,CCR,CCR,1?,1,J,J,3,Coords are approximately for a pond in Sunol park near cerro este road; upper barn is not shown on EB park map,,,
85,CAS 188536,36.1014,121.4922,1986,CCR,CCR,CCR,1?,1,F,F,2,coords for head of arroyo seco trail; on map these coords are on a trail and the trail is next to a arroyo seco creek/river ,,,
86,CAS 188537,37.4271,121.5,1986,CCR,CCR,CCR,1?,1,F,F,2,Coords are for an easily measurable point on the creek that runs through blackbird valley,,,
87,CAS 188538,37.1712,121.6633,1986,CCR,CCR,CCR,1?,1,M,?,1,Poverty flat isn't on map; Coords are for a flat area where several forks of Coyote creek come together,,,
88,CAS 188539,39.00688,123.36003,1981,marm,marm,marm,1,1,M,M,1,,,,
89,CAS 188540,36.8472,121.3333,1966,CCR,CCR,CCR,1?,1,J,F,3,Coords are for a point on a branch of Santa Ana Creek that is 2.5 miles east of eastern edge of hollister,,,
90,CAS 197574,37.0847,121.2858,1993,CCR,CCR,CCR,1?,1,J,J,3,Coords are for a point on North Fork of Pacheo Creek near the coords for Chimney Rock (Chimney rocks is not on mao),,,
91,CAS 199471,35.625,121.1617,1994,CCR,CCR,CCR,1?,1,J,J,3,coords are for a point on little pico creek just east of hwy 1,,,
92,CAS 201250,39.42639,122.97828,1996,marm,marm,marm,1,1,M,M,1,,,,
93,CAS 202595,37.43758,121.5125,1997,CCR,CCR,CCR,1?,1,J,F,3,,,,
94,CAS 203154,38.8734,122.3783,1997,marm,marm,marm,1,1,J,J,3,Coords are for a point approx. .2 miles upstream of Rayhouse road on Davis creek,,,
95,CAS 203155,38.8733,122.3556,1997,marm,marm,marm,1,1,J,J,3,Coords are for a point on Davis Creek approximately .5 miles (linear) downstream from my estimate of where the dam is on the Reservoir,,,
96,CAS 203487,39.82425,123.1945556,1997,marm,marm,marm,1,1,F,F,2,,,,
97,CAS 203611,39.0939,122.6094,1997,marm,marm,marm,1,1,j,j,3,coords are for junction of wolf creek and salt lick canyon,,,
98,CAS 203624,39.1694,122.6139,1997,marm,marm,marm,1,1,J,F?,3,Coords are for junction of Spanish Creek and North Fork of Cache Creek,,,
99,CAS 203653,39.25,122.95,1997,marm,marm,marm,1,1,J,M,3,"Coords are for the junction of east fork and west forks of middle creek, which is about 7 miles north northwest (linear) of upper lake; I can't find a south fork of middle creek on the map ",,,
100,CAS 203666,39.25,122.95,1997,marm,marm,marm,1,1,J,J,3,"Coords are for the junction of east fork and west forks of middle creek, which is about 7 miles north northwest (linear) of upper lake; I can't find a south fork of middle creek on the map ",,,
101,CAS 203667,39.25,122.95,1997,marm,marm,marm,1,1,M,M,1,"Coords are for the junction of east fork and west forks of middle creek, which is about 7 miles north northwest (linear) of upper lake; I can't find a south fork of middle creek on the map ",,,
102,CAS 203712,38.5333,121.7558,1997,marm,marm,marm,1,1,M,M,1,"Coords are for a point on Putah creek, next to the symbol on map for UC Davis Arboretum",,,
103,CAS 203713,38.5333,121.7558,1997,marm,marm,marm,1,1,J,F?,3,"Coords are for a point on Putah creek, next to the symbol on map for UC Davis Arboretum",,,
104,CAS 203714,38.5333,121.7558,1997,marm,marm,marm,1,1,F,M?,2,"Coords are for a point on Putah creek, next to the symbol on map for UC Davis Arboretum",,,
105,CAS 203715,38.5333,121.7558,1997,marm,marm,marm,1,1,F,F,2,"Coords are for a point on Putah creek, next to the symbol on map for UC Davis Arboretum",,,
106,CAS 205750,37.5215,121.5448,1998,CCR,CCR,CCR,1?,1,M,M,1,Coords are for a point about 3 miles north of county line on Mines Road that is where an unnamed tributary joins arroyo mocho,,,
107,CAS 207045,39.3729,121.0967,1998,marm,marm,marm,1,1,M,M,1,Coords are for a point on hwy where it crosses an unnamed stream just north of north San Juan,,,
108,CAS 207170,39.8807,122.3762,1998,marm,marm,marm,1,1,M,M,1,Coords are for a point approximately 200m upstream of junction of Davis and Cache Creeks,,,
109,CAS 208745,36.9878,119.32372,1998,marm,marm,SJ,2,2,F,M,2,,,,
110,CAS 208780,37.0435,119.34444,1999,marm,marm,SJ,2?,2,M,M,1,,,,
111,CAS 208851,39.81699,123.23998,1999,marm,marm,marm,1,1,M,M,1,,,,
112,CAS 208919,37.60497,119.82185,1999,marm,marm,SJ,1?,1,J,F,3,,,,
113,CAS 209088,39.8731,122.99574,1999,marm,marm,marm,1,1,J,J,3,,,,
114,CAS 209134,39.62461,122.87522,1999,marm,marm,SJ,1,1,F,F,2,,,,
115,CAS 209137,39.09667,122.61246,1999,marm,marm,marm,1,1,J,F,3,,,,
116,CAS 209175,39.25889,122.93666,1999,marm,marm,marm,1,1,m,m,3,,,,
117,CAS 209245,37.37928,119.38628,1999,marm,marm,SJ,2?,2,J,F?,3,,,,
118,CAS 209502,39.31644,122.92119,1999,marm,marm,marm,1,1,J,J,3,,,,
119,CAS 209927,39.72261,121.36349,1999,marm,marm,marm,1,1,F,F,2,,,,
120,CAS 210455,35.7236,121.2767,1996,CCR,CCR,CCR,1?,1,M,M,1,Coords are for a point approx 2.5km (linear) NE of hwy 1 on Arroyo de la Cruz,,,
121,CAS 212560,39.40697,122.63481,2000,marm,marm,marm,1,1,F,F?,2,,,,
122,CAS 212573,39.34828,122.65944,2000,marm,marm,marm,1,1,F,F,2,,,,
123,CAS 212690,39.6,122.59356,2000,marm,marm,marm,1,1,M,M,1,,,,
124,CAS 212708,39.26953,122.59154,2000,marm,marm,marm,1,1,M,M,1,,,,
125,CAS 212733,39.28964,122.56478,2000,marm,marm,marm,1,1,M,M,1,,,,
126,CAS 212755,39.28172,122.61897,2000,marm,marm,marm,1,1,F,F,2,,,,
127,CAS 212770,39.23522,122.77761,2000,marm,marm,marm,1,1,J,J,3,,,,
128,CAS 212949,37.27525,119.34133,2000,marm,marm,SJ,2?,2,J,F,3,,,,
129,CAS 218663,36.9519,121.55786,2000,CCR,CCR,CCR,1?,1,F,F,2,,,,
130,CAS 219454,39.34921,122.87339,2001,marm,marm,marm,1,1,J,F,3,,,,
131,CAS 219465,39.36189,122.89883,2001,marm,marm,marm,1,1,J,J,3,,,,
132,CAS 219475,39.299,122.84422,2001,marm,marm,marm,1,1,J,F,3,,,,
133,CAS 219506,39.53894,122.8654,2001,marm,marm,marm,1,1,J,J,3,,,,
134,CAS 219555,39.53072,122.83206,2001,marm,marm,marm,1,1,J,J,3,,,,
135,CAS 220677,39.90536,123.06442,2001,marm,marm,marm,1,1,M,M,1,,,,
136,CAS 224202,36.16144,118.70939,2002,marm,marm,SJ,2,2,M,M,1,,,,
137,CAS 224885,36.20111,118.76086,2002,marm,marm,SJ,2,2,M,M,1,,,,
138,CAS 226973,40.233,121.87722,2003,marm,marm,marm,1,1,J,J,3,,,,
139,CAS 227011,40.08303,121.6909,2003,marm,marm,marm,1,1,F,F,2,,,,
140,CAS 8635,33.75639,118.18806,1929,pall,pall,pall,4,4,F,F,2,,,,
141,CAS 43451,36.195,119.29639,1917,marm,marm,SJ,2?,2,F,F,2,,,,
142,CAS 43585,41.52083,122.51917,1917,marm,marm,marm,1,1,J,J,3,,,,
143,CAS 44272,41.9047,121.6456,1918,marm,marm,marm,1,1,F,F,2,Coords for a point on SE side of lower Klamath lake,,,
144,CAS 50168,37.1967,122.0833,1921,CCR,CCR,CCR,1?,1,F,F,2,Coords are for an easily measurable point on Deer Creek in Santa Cruz Mountains in Santa Cruz County; vagueness of locality makes this extremely approximate,,,
145,MVZ 3821,40.1877799999999,123.04528,1912,marm,marm,marm,1,1,M,M,1,,,,
146,MVZ 3822,40.355192,122.1741371,1912,marm,marm,marm,1,1,M,M,1,,,,
147,MVZ 3823,38.3575615999999,122.0416581,1912,marm,marm,marm,1,1,M?,M?,?,,,,
148,MVZ 3824,38.3575615999999,122.0416581,1912,marm,marm,marm,1,1,F,F,2,,,,
149,MVZ 3825,38.3575615999999,122.0416581,1912,marm,marm,marm,1,1,F,F,2,,,,
150,MVZ 3826,40.0451166,122.0956491,1912,marm,marm,marm,1,1,J,J,3,,,,
151,MVZ 3827,38.357418,122.0416591,1912,marm,marm,marm,1,1,J,J,3,,,,
152,MVZ 5099,39.45279,123.0889,1913,marm,marm,marm,1,1,J,J,3,,,,
153,MVZ 5649,37.7084699999999,120.086517,1916,marm,marm,SJ,1?,1,F,F?,2,,,,
154,MVZ 5911,37.771189,120.118281,1915,marm,marm,SJ,1?,1,J,J,3,,,,
155,MVZ 5912,37.740876,120.15755,1915,marm,marm,SJ,1?,1,F,F,2,,,,
156,MVZ 5913,37.659263,120.28745,1915,marm,marm,SJ,1?,1,M,M,1,,,,
157,MVZ 5914,37.659263,120.28745,1915,marm,marm,SJ,1?,1,J,J,3,,,,
158,MVZ 5915,37.760415,120.130832,1915,marm,marm,SJ,1?,1,M,M,1,,,,
159,MVZ 6246,36.7383,119.12,1916,marm,marm,marm,2?,2,J,J,3,,,,
160,MVZ 6713,33.810366,118.074744,1916,pall,pall,pall,4,4,F,F,2,,,,
161,MVZ 6714,33.810366,118.074744,1916,pall,pall,pall,4,4,M,M,1,,,,
162,MVZ 6715,33.810366,118.074744,1916,pall,pall,pall,4,4,M?,M,1,,,,
163,MVZ 6717,33.810366,118.074744,1916,pall,pall,pall,4,4,F,F,2,,,,
164,MVZ 6718,33.810366,118.074744,1916,pall,pall,pall,4,4,J,F,3,,,,
165,MVZ 6719,33.810366,118.074744,1916,pall,pall,pall,4,4,J,J,3,,,,
166,MVZ 6720,33.810366,118.074744,1916,pall,pall,pall,4,4,J,J,3,,,,
167,MVZ 6847,36.7809,120.3793,1918,CCR,marm,SJ,2?,2,J,J,3,,,,
168,MVZ 7161,37.7535359999999,120.1058,1919,marm,marm,SJ,1?,1,J,F,3,,,,
169,MVZ 7162,37.7535359999999,120.1058,1919,marm,marm,SJ,1?,1,F,F,2,,,,
170,MVZ 7416,37.756036,120.115266,1920,marm,marm,SJ,1?,1,J,J,3,,,,
171,MVZ 8012,34.1433919999999,118.360716,1917,pall,pall,pall,4,4,J,J,3,,,,
172,MVZ 8234,37.8855504,122.11396,1921,CCR,CCR,CCR,1?,1,F,F?,2,,,,
173,MVZ 8558,39.2677900999999,123.364800399999,1922,marm,marm,,1,1,F,F?,2,,,,
174,MVZ 9818,30.9728,116.1242,1925,pall,pall,pall,4,4,M,m,1,Coords are for a point on San Telmo Creek that is approx 2 miles (linear) dowstream from San Telmo),,,
175,MVZ 9819,30.9728,116.1242,1925,pall,pall,pall,4,4,M,J,1,Coords are for a point on San Telmo Creek that is approx 2 miles (linear) dowstream from San Telmo),,,
176,MVZ 9965,40.3152626999999,122.0691489,1924,marm,marm,marm,1,1,?,?,?,,,,
177,MVZ 9966,40.3152626999999,122.0691489,1924,marm,marm,marm,1,1,J,F?,3,,,,
178,MVZ 9967,40.3152626999999,122.0691489,1924,marm,marm,marm,1,1,M,M,1,,,,
179,MVZ 9988,40.3641799999999,121.91216,1924,marm,marm,marm,1,1,J,J,3,,,,
180,MVZ 10109,40.1877799999999,123.04528,1926,marm,marm,marm,1,1,J,J,3,,,,
181,MVZ 10110,40.355192,122.1741371,1926,marm,marm,marm,1,1,J,J,3,,,,
182,MVZ 10494,31.3842,115.7879,1926,pall,pall,pall,4,4,?,F,?,Coords are for a point on Las Pozas Creek near Valle la Trinidad,,,
183,MVZ 14601,40.4048453999999,123.464450799999,1932,marm,marm,marm,1,1,M,M,1,,,,
184,MVZ 14602,40.4048453999999,123.464450799999,1932,marm,marm,marm,1,1,F,F,2,,,,
185,MVZ 14603,40.4048453999999,123.464450799999,1932,marm,marm,marm,1,1,F,F,2,,,,
186,MVZ 14604,40.4048453999999,123.464450799999,1932,marm,marm,marm,1,1,F,F?,2,,,,
187,MVZ 14605,40.4251158,123.4786419,1932,marm,marm,marm,1,1,M?,M?,1,,,,
188,MVZ 14606,40.4106692,123.4786034,1932,marm,marm,marm,1,1,?,F?,?,,,,
189,MVZ 14607,40.4106692,123.4786034,1932,marm,marm,marm,1,1,J,J,3,,,,
190,MVZ 14608,40.4106692,123.4786034,1932,marm,marm,marm,1,1,F,?,2,,,,
191,MVZ 16856,45.3486,122.6189,1932,marm,marm,marm,1,1,J,?,3,"Oregon; Locality data is very vague; Coords are for a point just down stream from Oregon City on WiIlamette River, in Clacakmas Couty; River seems to go through a deep ravine here; also fairly close (just upstream and across river) from Town of Willamette (from USGS online Topo); coords obviously quite approximate",,,
192,MVZ 18937,42.15,122.0275,1935,marm,marm,marm,1,1,J,J,3,"Oregon; Coords are for a point on east side of spencer creek, near where it joins the Klamath River; This is about 9 miles downstream (on Klamath River) from Town of Keno (from USGS online topo)",,,
193,MVZ 18938,42.15,122.0275,1935,marm,marm,marm,1,1,J,J,3,"Oregon; Coords are for a point on east side of spencer creek, near where it joins the Klamath River; This is about 9 miles downstream (on Klamath River) from Town of Keno (from USGS online topo)",,,
194,MVZ 19334,36.4884739999999,118.83449,1935,marm,marm,SJ,2,2,J,J,3,,,,
195,MVZ 21214,36.5844,120.80128,1936,CCR,CCR,CCR,1?,1,F,J,2,,,,
196,MVZ 21215,36.5844,120.80128,1936,CCR,CCR,CCR,1?,1,J,M,3,,,,
197,MVZ 21216,36.5844,120.80128,1936,CCR,CCR,CCR,1?,1,M,M,1,,,,
198,MVZ 21778,38.5822531,123.1169613,1936,marm,marm,marm,1,1,J,J,3,,,,
199,MVZ 21910,36.551147,118.895255,1935,marm,marm,SJ,2,2,J,J,3,,,,
200,MVZ 25935,39.300268,123.2909909,1938,marm,marm,marm,1,1,J,J,3,,,,
201,MVZ 32246,37.6293799999999,121.7051798,1939,CCR,CCR,CCR,1?,1,F,F,2,,,,
202,MVZ 33763,36.9057999999999,119.2495,1940,marm,marm,SJ,2,2,J,J,3,,,,
203,MVZ 34937,37.0178099999999,119.70854,1940,marm,marm,SJ,2?,2,M,F?,1,,,,
204,MVZ 34938,37.004511,119.670285,1940,marm,marm,SJ,2?,2,F,M?,2,,,,
205,MVZ 36269,38.5618333,122.4146917,1941,marm,marm,marm,1,1,M,M,1,,,,
206,MVZ 38414,35.6160459999999,118.4491945,1942,marm,marm,SJ,2,2,F,M?,2,,,,
207,MVZ 39147,40.55443,123.143919999999,1943,marm,marm,marm,1,1,F,F?,2,,,,
208,MVZ 39148,40.55443,123.143919999999,1943,marm,marm,marm,1,1,J,J,3,,,,
209,MVZ 39149,40.55443,123.143919999999,1943,marm,marm,marm,1,1,F,F?,2,,,,
210,MVZ 40576,38.1192781,122.8213215,1944,marm,marm,marm,1,1,M?,M?,1,,,,
211,MVZ 44631,38.637351,121.19781,1947,marm,marm,marm,1,1,M,M,1,,,,
212,MVZ 44906,35.282927,120.296349,1947,CCR,CCR,CCR,1?,1,J,J,3,,,,
213,MVZ 45601,39.5274038,123.4006151,1948,marm,marm,marm,1,1,F,F,2,,,,
214,MVZ 55511,37.261865,119.699267,1951,marm,marm,SJ,1?,1,M/J,M,1,,,,
215,MVZ 55532,37.090636,119.721442999999,1952,marm,marm,SJ,2?,2,F,J,2,,,,
216,MVZ 60213,37.6209806999999,121.6998837,1953,CCR,CCR,CCR,1?,1,F,F,2,,,,
217,MVZ 60214,37.6209806999999,121.6998837,1953,CCR,CCR,CCR,1?,1,F,F,2,,,,
218,MVZ 60215,37.6209806999999,121.6998837,1953,CCR,CCR,CCR,1?,1,M,M,1,,,,
219,MVZ 64485,37.8467775,122.229231799999,1935,CCR,CCR,CCR,1?,1,J,J,3,,,,
220,MVZ 64486,37.9550124,122.5759864,1936,marm,marm,marm,1?,1,J,J,3,,,,
221,MVZ 66192,37.42942,122.248743,1957,CCR,CCR,CCR,1?,1,J,J,3,,,,
222,MVZ 72459,37.5942599999999,121.90448,1961,CCR,CCR,CCR,1?,1,F,F,2,,,,
223,MVZ 72691,37.9123039999999,122.267857,1961,CCR,CCR,CCR,1?,1,J,J,3,,,,
224,MVZ 77998,38.9174908,122.3474562,1963,marm,marm,marm,1,1,M,M,1,,,,
225,MVZ 78784,38.1853085999999,122.0540669,1947,marm,marm,marm,2?,2,M,M,1,,,,
226,MVZ 78785,40.7376216999999,122.071585799999,1953,marm,marm,marm,1,1,F?,M,2,,,,
227,MVZ 78786,37.947488,119.787659,1955,marm,marm,SJ,1?,1,F,F,2,,,,
228,MVZ 79571,36.902752,121.752833999999,1965,CCR,CCR,CCR,1?,1,J,J,3,,,,
229,MVZ 83561,36.8515761,121.429807999999,1968,CCR,CCR,CCR,1?,1,F?,F?,2,,,,
230,MVZ 83562,36.8515761,121.429807999999,1968,CCR,CCR,CCR,1?,1,?,F?,?,,,,
231,MVZ 83563,36.472323,121.1527483,1967,CCR,CCR,CCR,1?,1,?,F?,?,,,,
232,MVZ 83631,36.461477,121.0651675,1968,CCR,CCR,CCR,1?,1,M,M,1,,,,
233,MVZ 98670,40.5494448,123.20742,1968,marm,marm,marm,1,1,F,J,2,,,,
234,MVZ 98671,40.5494448,123.20742,1968,marm,marm,marm,1,1,F,F,2,,,,
235,MVZ 98672,40.5494448,123.20742,1968,marm,marm,marm,1,1,M,M,1,,,,
236,MVZ 98673,40.5494448,123.20742,1968,marm,marm,marm,1,1,J,F,3,,,,
237,MVZ 98674,40.5494448,123.20742,1968,marm,marm,marm,1,1,J,F,3,,,,
238,MVZ 98675,40.5494448,123.20742,1968,marm,marm,marm,1,1,J,J,3,,,,
239,MVZ 98676,40.5494448,123.20742,1968,marm,marm,marm,1,1,J,F,3,,,,
240,MVZ 98678,40.5494448,123.20742,1968,marm,marm,marm,1,1,F,J,2,,,,
241,MVZ 98679,40.5494448,123.20742,1968,marm,marm,marm,1,1,F,F?,2,,,,
242,MVZ 98680,40.5494448,123.20742,1968,marm,marm,marm,1,1,F,F,2,,,,
243,MVZ 98681,40.5494448,123.20742,1968,marm,marm,marm,1,1,F,F?,2,,,,
244,MVZ 98682,40.5494448,123.20742,1968,marm,marm,marm,1,1,J,J,3,,,,
245,MVZ 98683,40.5494448,123.20742,1968,marm,marm,marm,1,1,M,M,1,,,,
246,MVZ 98684,40.5494448,123.20742,1968,marm,marm,marm,1,1,F,F,2,,,,
247,MVZ 98685,40.5494448,123.20742,1968,marm,marm,marm,1,1,F,F,2,,,,
248,MVZ 98686,40.5494448,123.20742,1968,marm,marm,marm,1,1,J,J,3,,,,
249,MVZ 98687,40.5494448,123.20742,1968,marm,marm,marm,1,1,J,J,3,,,,
250,MVZ 98688,40.5494448,123.20742,1968,marm,marm,marm,1,1,M?,F,1,,,,
251,MVZ 98689,40.5494448,123.20742,1968,marm,marm,marm,1,1,F,F,2,,,,
252,MVZ 98690,40.5494448,123.20742,1968,marm,marm,marm,1,1,J,F,3,,,,
253,MVZ 98691,40.5494448,123.20742,1968,marm,marm,marm,1,1,M,M,1,,,,
254,MVZ 98692,40.5494448,123.20742,1968,marm,marm,marm,1,1,M,M,1,,,,
255,MVZ 98693,40.5494448,123.20742,1968,marm,marm,marm,1,1,F,F,2,,,,
256,MVZ 98694,40.5494448,123.20742,1968,marm,marm,marm,1,1,F,F,2,,,,
257,MVZ 98695,40.5494448,123.20742,1968,marm,marm,marm,1,1,?,F,?,,,,
258,MVZ 98696,40.5494448,123.20742,1968,marm,marm,marm,1,1,F,?,2,,,,
259,MVZ 98697,40.5494448,123.20742,1968,marm,marm,marm,1,1,F,F,2,,,,
260,MVZ 98698,40.5494448,123.20742,1968,marm,marm,marm,1,1,F,F,2,,,,
261,MVZ 98699,40.5494448,123.20742,1968,marm,marm,marm,1,1,F,F,2,,,,
262,MVZ 98700,40.5494448,123.20742,1968,marm,marm,marm,1,1,F,F?,2,,,,
263,MVZ 98701,40.5494448,123.20742,1968,marm,marm,marm,1,1,F,F,2,,,,
264,MVZ 98702,40.5494448,123.20742,1968,marm,marm,marm,1,1,F,F,2,,,,
265,MVZ 98704,40.5494448,123.20742,1968,marm,marm,marm,1,1,F,F,2,,,,
266,MVZ 98705,40.5494448,123.20742,1968,marm,marm,marm,1,1,F,F,2,,,,
267,MVZ 98706,40.5494448,123.20742,1968,marm,marm,marm,1,1,M,M,1,,,,
268,MVZ 98707,40.5494448,123.20742,1968,marm,marm,marm,1,1,M,M,1,,,,
269,MVZ 98708,40.5494448,123.20742,1968,marm,marm,marm,1,1,M,M,1,,,,
270,MVZ 98709,40.5494448,123.20742,1968,marm,marm,marm,1,1,F,F,2,,,,
271,MVZ 98710,40.5494448,123.20742,1968,marm,marm,marm,1,1,M,M,1,,,,
272,MVZ 98711,40.5494448,123.20742,1968,marm,marm,marm,1,1,F,F,2,,,,
273,MVZ 98713,40.5494448,123.20742,1968,marm,marm,marm,1,1,F,F,2,,,,
274,MVZ 98714,40.5494448,123.20742,1968,marm,marm,marm,1,1,M,M,1,,,,
275,MVZ 98715,40.5494448,123.20742,1968,marm,marm,marm,1,1,M,M,1,,,,
276,MVZ 98716,40.5494448,123.20742,1968,marm,marm,marm,1,1,M,M,1,,,,
277,MVZ 98717,40.5494448,123.20742,1968,marm,marm,marm,1,1,J,J,3,,,,
278,MVZ 98719,40.5494448,123.20742,1968,marm,marm,marm,1,1,J,J,3,,,,
279,MVZ 98720,40.5494448,123.20742,1969,marm,marm,marm,1,1,M,M,1,,,,
280,MVZ 98721,40.5494448,123.20742,1969,marm,marm,marm,1,1,F,F,2,,,,
281,MVZ 98722,40.5494448,123.20742,1969,marm,marm,marm,1,1,F,F,2,,,,
282,MVZ 98724,40.5494448,123.20742,1969,marm,marm,marm,1,1,F,M,2,,,,
283,MVZ 98725,40.5494448,123.20742,1969,marm,marm,marm,1,1,J,J,3,,,,
284,MVZ 98726,40.5494448,123.20742,1969,marm,marm,marm,1,1,J,J,3,,,,
285,MVZ 98727,40.5494448,123.20742,1969,marm,marm,marm,1,1,M,M,1,,,,
286,MVZ 98728,40.5494448,123.20742,1969,marm,marm,marm,1,1,J,M,3,,,,
287,MVZ 98729,40.5494448,123.20742,1969,marm,marm,marm,1,1,M,M,1,,,,
288,MVZ 98730,40.5494448,123.20742,1969,marm,marm,marm,1,1,F,F,2,,,,
289,MVZ 98731,40.5494448,123.20742,1969,marm,marm,marm,1,1,M,M,1,,,,
290,MVZ 98732,40.5494448,123.20742,1969,marm,marm,marm,1,1,M,M,1,,,,
291,MVZ 98733,40.5494448,123.20742,1969,marm,marm,marm,1,1,M,M,1,,,,
292,MVZ 98735,40.5494448,123.20742,1969,marm,marm,marm,1,1,F,?,2,,,,
293,MVZ 98736,40.5494448,123.20742,1969,marm,marm,marm,1,1,F,F,2,,,,
294,MVZ 98737,40.5494448,123.20742,1969,marm,marm,marm,1,1,F,F,2,,,,
295,MVZ 98738,40.4691869999999,123.1693496,1968,marm,marm,marm,1,1,M,M,1,,,,
296,MVZ 98739,40.4691869999999,123.1693496,1968,marm,marm,marm,1,1,M,M,1,,,,
297,MVZ 98740,40.4691869999999,123.1693496,1968,marm,marm,marm,1,1,M,M,1,,,,
298,MVZ 98741,40.4691869999999,123.1693496,1968,marm,marm,marm,1,1,J,M,3,,,,
299,MVZ 98742,40.4691869999999,123.1693496,1968,marm,marm,marm,1,1,M,M,1,,,,
300,MVZ 98743,40.4691869999999,123.1693496,1968,marm,marm,marm,1,1,F,J,2,,,,
301,MVZ 98744,40.5494448,123.20742,1969,marm,marm,marm,1,1,M,M,1,,,,
302,MVZ 98745,40.5494448,123.20742,1969,marm,marm,marm,1,1,M,M,1,,,,
303,MVZ 98746,40.5494448,123.20742,1969,marm,marm,marm,1,1,F,F,2,,,,
304,MVZ 98747,40.5494448,123.20742,1969,marm,marm,marm,1,1,M,M,1,,,,
305,MVZ 98748,40.5494448,123.20742,1969,marm,marm,marm,1,1,F,F,2,,,,
306,MVZ 98749,40.5494448,123.20742,1969,marm,marm,marm,1,1,M,M,1,,,,
307,MVZ 98750,40.5494448,123.20742,1969,marm,marm,marm,1,1,M,M,1,,,,
308,MVZ 98751,40.5494448,123.20742,1969,marm,marm,marm,1,1,F,F,2,,,,
309,MVZ 98752,40.5494448,123.20742,1969,marm,marm,marm,1,1,M,M,1,,,,
310,MVZ 98753,40.5494448,123.20742,1969,marm,marm,marm,1,1,F,F,2,,,,
311,MVZ 98754,40.5494448,123.20742,1969,marm,marm,marm,1,1,F,F,2,,,,
312,MVZ 98755,40.4691869999999,123.1693496,1969,marm,marm,marm,1,1,M,M,1,,,,
313,MVZ 98756,40.4691869999999,123.1693496,1969,marm,marm,marm,1,1,M,F,1,,,,
314,MVZ 98757,40.4691869999999,123.1693496,1969,marm,marm,marm,1,1,M?,F,1,,,,
315,MVZ 98758,40.4691869999999,123.1693496,1969,marm,marm,marm,1,1,M,M,1,,,,
316,MVZ 98759,40.4691869999999,123.1693496,1969,marm,marm,marm,1,1,F,F,2,,,,
317,MVZ 98760,40.4691869999999,123.1693496,1969,marm,marm,marm,1,1,M,M?,1,,,,
318,MVZ 98761,40.4691869999999,123.1693496,1969,marm,marm,marm,1,1,M,M,1,,,,
319,MVZ 98762,40.4691869999999,123.1693496,1969,marm,marm,marm,1,1,M,M,1,,,,
320,MVZ 98764,40.4691869999999,123.1693496,1969,marm,marm,marm,1,1,F,F,2,,,,
321,MVZ 98765,40.5494448,123.20742,1969,marm,marm,marm,1,1,M,M,1,,,,
322,MVZ 98766,40.5494448,123.20742,1969,marm,marm,marm,1,1,J,F,3,,,,
323,MVZ 98767,40.5494448,123.20742,1969,marm,marm,marm,1,1,F,M?,2,,,,
324,MVZ 98768,40.5494448,123.20742,1969,marm,marm,marm,1,1,M,M,1,,,,
325,MVZ 98769,40.5494448,123.20742,1969,marm,marm,marm,1,1,M,F,1,,,,
326,MVZ 98770,40.5494448,123.20742,1969,marm,marm,marm,1,1,F,F,2,,,,
327,MVZ 98771,40.5494448,123.20742,1969,marm,marm,marm,1,1,M,M,1,,,,
328,MVZ 98772,40.5494448,123.20742,1969,marm,marm,marm,1,1,J,F,3,,,,
329,MVZ 98773,40.5494448,123.20742,1969,marm,marm,marm,1,1,M,M,1,,,,
330,MVZ 98774,40.5494448,123.20742,1969,marm,marm,marm,1,1,M,M,1,,,,
331,MVZ 98775,40.5494448,123.20742,1969,marm,marm,marm,1,1,F,F,2,,,,
332,MVZ 98776,40.5494448,123.20742,1969,marm,marm,marm,1,1,M,M,1,,,,
333,MVZ 98777,40.5494448,123.20742,1969,marm,marm,marm,1,1,J,J,3,,,,
334,MVZ 98778,40.5494448,123.20742,1969,marm,marm,marm,1,1,M,M,1,,,,
335,MVZ 98779,40.5494448,123.20742,1969,marm,marm,marm,1,1,F,F,2,,,,
336,MVZ 98780,40.5494448,123.20742,1969,marm,marm,marm,1,1,M,M,1,,,,
337,MVZ 98782,40.5494448,123.20742,1969,marm,marm,marm,1,1,M,M,1,,,,
338,MVZ 98783,40.5494448,123.20742,1969,marm,marm,marm,1,1,M,M,1,,,,
339,MVZ 98784,40.5494448,123.20742,1969,marm,marm,marm,1,1,M,M?,1,,,,
340,MVZ 98785,40.5494448,123.20742,1970,marm,marm,marm,1,1,F,F,2,,,,
341,MVZ 98786,40.5494448,123.20742,1970,marm,marm,marm,1,1,F,F,2,,,,
342,MVZ 98787,40.5494448,123.20742,1970,marm,marm,marm,1,1,J,J,3,,,,
343,MVZ 98788,40.5494448,123.20742,1970,marm,marm,marm,1,1,F,J,2,,,,
344,MVZ 98789,40.5494448,123.20742,1970,marm,marm,marm,1,1,M,M,1,,,,
345,MVZ 98790,40.5494448,123.20742,1970,marm,marm,marm,1,1,F,F,2,,,,
346,MVZ 98791,40.5494448,123.20742,1970,marm,marm,marm,1,1,F,F,2,,,,
347,MVZ 98792,40.5494448,123.20742,1970,marm,marm,marm,1,1,M,M,1,,,,
348,MVZ 98793,40.5494448,123.20742,1970,marm,marm,marm,1,1,M,M,1,,,,
349,MVZ 98794,40.5494448,123.20742,1971,marm,marm,marm,1,1,J,J,3,,,,
350,MVZ 98795,40.5494448,123.20742,1968,marm,marm,marm,1,1,J,J,3,,,,
351,MVZ 98798,40.5494448,123.20742,1970,marm,marm,marm,1,1,J,J,3,,,,
352,MVZ 98799,40.5494448,123.20742,1970,marm,marm,marm,1,1,J,F?,3,,,,
353,MVZ 99271,40.5494448,123.20742,1970,marm,marm,marm,1,1,J,F,3,,,,
354,MVZ 100397,37.8964,122.3542,1972,CCR,CCR,CCR,1?,1,M,F,1,Coords are for Brooks Island,,,
355,MVZ 111295,40.5494448,123.20742,1971,marm,marm,marm,1,1,?,M?,?,,,,
356,MVZ 111296,40.5494448,123.20742,1971,marm,marm,marm,1,1,?,F?,?,,,,
357,MVZ 111297,40.5494448,123.20742,,marm,marm,marm,1,1,?,F,?,,,,
358,MVZ 129928,34.5815868999999,120.1073746,1975,CCR,CCR,CCR,3,3,?,F?,?,,,,
359,MVZ 137810,37.4476269999999,119.855560999999,1976,marm,marm,SJ,1,1,M,M,1,,,,
360,MVZ 137811,37.4476269999999,119.855560999999,1976,marm,marm,SJ,1,1,F,?,2,,,,
361,MVZ 149676,38.8392403,122.3890987,1977,marm,marm,marm,1,1,M,F,1,,,,
362,MVZ 149677,38.8392403,122.3890987,1977,marm,marm,marm,1,1,J,J,3,,,,
363,MVZ 149678,38.8392403,122.3890987,1977,marm,marm,marm,1,1,J,J,3,,,,
364,MVZ 149679,38.8392403,122.3890987,1977,marm,marm,marm,1,1,?,F,?,,,,
365,MVZ 164994,38.8392403,122.3890987,1977,marm,marm,marm,1,1,J,J,3,,,,
366,MVZ 164995,38.8392403,122.3890987,1977,marm,marm,marm,1,1,J,J,3,,,,
367,MVZ 164996,38.8392403,122.3890987,1977,marm,marm,marm,1,1,M,F,1,,,,
368,MVZ 164998,38.8392403,122.3890987,1977,marm,marm,marm,1,1,J,J,3,,,,
369,MVZ 187673,37.6126701,121.7419441,1960,CCR,CCR,CCR,1?,1,M,M,1,,,,
370,MVZ 187674,39.4094673,123.5021747,1960,marm,marm,marm,1,1,F,J,2,,,,
371,MVZ 187675,35.0223885999999,120.2263944,,CCR,CCR,CCR,1?,1,?,J,?,,,,
372,MVZ 187676,35.0223885999999,120.2263944,1960,CCR,CCR,CCR,1?,1,J,J,3,,,,
373,MVZ 199665,?,?,,?,?,?,,,M,M,1,No specific locality recorded,,,
374,MVZ 199669,?,?,,?,?,?,,,J,J,3,No specific locality recorded,,,
375,MVZ 207755,36.6968999999999,120.3357,1983,CCR,marm,SJ,2?,2,M,M,1,,,,
376,MVZ 207756,35.7291834999999,118.1366644,1984,marm,marm,SJ,2,2,M,M,1,,,,
377,MVZ 207757,35.622835,121.139309,1984,CCR,CCR,CCR,1,1,F?,M,2,,,,
378,MVZ 207758,35.622835,121.139309,1981,CCR,CCR,CCR,1,1,F,F,2,,,,
379,MVZ 207759,31.1125,115.8336111,1975,pall,pall,pall,4,4,J,J,3,,,,
380,MVZ 207760,31.1125,115.8336111,1973,pall,pall,pall,4,4,J,J,3,,,,
381,MVZ 207761,31.1125,115.8336111,1973,pall,pall,pall,4,4,M,M,1,,,,
382,MVZ 207762,31.1125,115.8336111,1973,pall,pall,pall,4,4,J,J,3,,,,
383,MVZ 207763,31.1125,115.8336111,1973,pall,pall,pall,4,4,J,M?,3,,,,
384,MVZ 208230,41.5346702,122.5089399,1987,marm,marm,marm,1,1,F,F,2,,,,
385,MVZ 208231,41.5346702,122.5089399,1987,marm,marm,marm,1,1,J,J,3,,,,
386,MVZ 208232,38.8370919999999,122.360292,1987,marm,marm,marm,1,1,?,F?,?,,,,
387,MVZ 227728,35.0374379,116.3822158,1987,pall,pall,pall,4,4,J,J,3,Afton Canyon population,,,
388,MVZ 229219,37.9511805,121.962871699999,1998,CCR,CCR,CCR,1?,1,M,M,1,,,,
389,MVZ 229223,?,?,,?,?,?,,,?,F?,?,No specific locality recorded,,,
390,MVZ 230252,36.3854984,121.5548744,1999,CCR,CCR,CCR,1?,1,J,J,3,,,,
391,MVZ 238089,36.6972,119.8911,1999,marm,marm,SJ,2?,2,M,M,1,"Coords are for the large wastewater treatment plant outside of Fresno (i.e., southwest of Fresno), where dry creek canal meets plant",,,
392,MVZ 238090,36.6972,119.8911,1999,marm,marm,SJ,2?,2,F,F,2,"Coords are for the large wastewater treatment plant outside of Fresno (i.e., southwest of Fresno), where dry creek canal meets plant",,,
393,MVZ 238091,36.6972,119.8911,1999,marm,marm,SJ,2?,2,F,F,2,"Coords are for the large wastewater treatment plant outside of Fresno (i.e., southwest of Fresno), where dry creek canal meets plant",,,
394,MVZ 238092,36.6972,119.8911,1999,marm,marm,SJ,2?,2,F,F,2,"Coords are for the large wastewater treatment plant outside of Fresno (i.e., southwest of Fresno), where dry creek canal meets plant",,,
395,MVZ 238093,36.6972,119.8911,1999,marm,marm,SJ,2?,2,F,F,2,"Coords are for the large wastewater treatment plant outside of Fresno (i.e., southwest of Fresno), where dry creek canal meets plant",,,
396,MVZ 238094,36.6972,119.8911,1999,marm,marm,SJ,2?,2,F,F,2,"Coords are for the large wastewater treatment plant outside of Fresno (i.e., southwest of Fresno), where dry creek canal meets plant",,,
397,MVZ 238095,36.6972,119.8911,1999,marm,marm,SJ,2?,2,F,F,2,"Coords are for the large wastewater treatment plant outside of Fresno (i.e., southwest of Fresno), where dry creek canal meets plant",,,
398,MVZ 238096,36.6972,119.8911,1999,marm,marm,SJ,2?,2,F,F,2,"Coords are for the large wastewater treatment plant outside of Fresno (i.e., southwest of Fresno), where dry creek canal meets plant",,,
399,MVZ 238097,36.6972,119.8911,1999,marm,marm,SJ,2?,2,M,M,1,"Coords are for the large wastewater treatment plant outside of Fresno (i.e., southwest of Fresno), where dry creek canal meets plant",,,
400,MVZ 238098,36.6972,119.8911,1999,marm,marm,SJ,2?,2,M?,M,1,"Coords are for the large wastewater treatment plant outside of Fresno (i.e., southwest of Fresno), where dry creek canal meets plant",,,
401,MVZ 238099,36.6972,119.8911,1999,marm,marm,SJ,2?,2,F,F,2,"Coords are for the large wastewater treatment plant outside of Fresno (i.e., southwest of Fresno), where dry creek canal meets plant",,,
402,MVZ 238100,36.6972,119.8911,1999,marm,marm,SJ,2?,2,M,M,1,"Coords are for the large wastewater treatment plant outside of Fresno (i.e., southwest of Fresno), where dry creek canal meets plant",,,
403,MVZ 238101,36.6972,119.8911,1999,marm,marm,SJ,2?,2,F,F,2,"Coords are for the large wastewater treatment plant outside of Fresno (i.e., southwest of Fresno), where dry creek canal meets plant",,,
404,MVZ 238102,36.736,120.2667,1999,CCR,marm,SJ,2?,2,J,J,3,Coords are for an unnamed creek that is just north of hwy 180 and is just under 4.7 miles east of the Mendota Waterfowl Management Area,,,
405,MVZ 238103,35.5653,119.5358,1998,CCR,marm,SJ,2?,2,M,M,1,"No specific locality recorded, but Goose lake seems most likely; from available information; I have used same coordinates for this specimen as for the next few",,,
406,MVZ 238104,35.5653,119.5358,1998,CCR,marm,SJ,2?,2,M,M,1,Coords are for a point on goose lake canal in goose lake bed near a small road,,,
407,MVZ 238105,35.5653,119.5358,1999,CCR,marm,SJ,2?,2,M,M,1,Coords are for a point on goose lake canal in goose lake bed near a small road,,,
408,MVZ 238106,35.5653,119.5358,2002,CCR,marm,SJ,2?,2,F,F,2,Coords are for a point on goose lake canal in goose lake bed near a small road,,,
409,MVZ 238107,35.5653,119.5358,1999,CCR,marm,SJ,2?,2,M,M,1,Coords are for a point on goose lake canal in goose lake bed near a small road,,,
410,LSUMZ 8421,36.2847,120.8408,1949,CCR,CCR,CCR,1?,1,n/a,,n/a,coords are for a point ~12 miles (linear) from priest valley on lewis creek road,,,
411,LSUMZ 12585,38.989394,123.4333,1948,marm,marm,marm,1,1,n/a,,n/a,Coords are for a point on Rancheria creek se of Boonsville where mountain view road crosses the creek,,,
412,LSUMZ 16352,37.5181,121.545,1967,CCR,CCR,CCR,1?,1,n/a,,n/a,Coords are for a point on arroyo mocho along mines rd. 15 linear miles southeast of edge of livermore,,,
413,LSUMZ 16353,37.5181,121.545,1967,CCR,CCR,CCR,1?,1,n/a,,n/a,Coords are for a point on arroyo mocho along mines rd. 15 linear miles southeast of edge of livermore,,,
414,LSUMZ 16354,38.90347,122.63833,1967,marm,marm,marm,1,1,n/a,,n/a,coords are for a point about 2 miles west southwest of lower lake on siegler canyon creek/siegler canyon creek road,,,
415,LSUMZ 16355,38.90347,122.63833,1967,marm,marm,marm,1,1,n/a,,n/a,coords are for a point about 2 miles west southwest of lower lake on siegler canyon creek/siegler canyon creek road,,,
416,LSUMZ 18504,35.300071,119.2583,1963,CCR,marm,SJ,2?,2,n/a,,n/a,coords are for a point roughly 5 miles due east of tupman; this is near where highway 5 crosses the kern river,,,
417,LSUMZ 29561,38.34894,123.07667,1967,marm,marm,marm,1,1,n/a,,n/a,coords are for a point where highway 1 crosses salmon creek,,,
418,LSUMZ 29562,39.58639,122.53139,1963,marm,marm,marm,1,1,n/a,,n/a,"locality data is very vague; in particular can't find ""stonyfork;"" coords I'm using are for stony gorge dam, which is close to where highway 162 crosses stony creek; this is very approximate to say the least though",,,
419,LSUMZ 75059,?,?,,?,?,?,,,n/a,,n/a,No specific locality recorded,,,
420,LSUMZ 82444,?,?,,?,?,?,,,n/a,,n/a,No specific locality recorded,,,
421,LSUMZ 84379,36.6968999999999,120.3357,1983,CCR,marm,SJ,2?,2,n/a,,n/a,this seems to be the same locality as MVZ 207755; I've used same coords as for that specimen,,,
422,LSUMZ 84380,35.5625,120.95167,1981,CCR,CCR,CCR,1?,1,n/a,,n/a,coords are for a point 6.5 miles east (linear) from main st. on road that parallels santa rosa creek,,,
423,LSUMZ 84381,36.5916667,120.78833,1952,CCR,CCR,CCR,1?,1,n/a,,n/a,"coords are for a point about 3.8 miles west of cty line on panoche rd., where it crosses a small, unnamed stream",,,
424,LSUMZ 84382,35.68472,118.1792,1984,marm,marm,SJ,2,2,n/a,,n/a,Coords are for a point on Hwy 178 about 9.5 miles east of Kelso valley rd. near Kern River,,,
425,LSUMZ 84383,35.68472,118.1792,1984,marm,marm,SJ,2,2,n/a,,n/a,Coords are for a point on Hwy 178 about 9.5 miles east of Kelso valley rd. near Kern River,,,
426,LSUMZ 84384,37.090636,119.721442999999,1952,marm,marm,SJ,1?,1,n/a,,n/a,same locality as MVZ 58174 and 58175; used same coords as for these specimens; very close to coarse gold creek,,,
427,CAS 54252,35.75805556,120.8836111,1922,CCR,CCR,CCR,1?,1,F,,2,"This specimen has LM 10 obscured; coords are for tierra redondo mountain, which is next to dammed lake that is along nacimiento river; assigned to northern clade because everything else from ",,,
428,MVZ 98677,40.5494448,123.20742,1968,marm,marm,marm,1,1,J,,3,this specimen has lm 10 and 19 obscured,,,
429,MVZ 98718,40.5494448,123.20742,1968,marm,marm,marm,1,1,J,,3,,,,
430,MVZ 98734,40.5494448,123.20742,1969,marm,marm,marm,1,1,M,M,1,this specimen had LM 15 and 19 obscured,,,
431,MVZ 98781,40.5494448,123.20742,1969,marm,marm,marm,1,1,M,M,1,this specimen has lm 19 obscured,,,
432,CAS 154955,38.566667,122.7,1982,marm,marm,marm,1,1,,,,,,,
433,UCMP 119091,?,?,,marm,marm,marm,1,1,,,,from oregon,,,
434,KDA 0001,34.673,118.8374833,,CCR,CCR,CCR,3?,3,,,,Piru Creek,,,
435,KDA 0002,34.67335,118.8355667,,CCR,CCR,CCR,3?,3,,,,Piru Creek,,,
436,KDA 0003,34.67335,118.8355667,,CCR,CCR,CCR,3?,3,,,,Piru Creek,,,6/14/05 Piru Creek
437,KDA 0004,34.67335,118.8355667,,CCR,CCR,CCR,3?,3,,,,Piru Creek,,,"KDA 0001: 34 40.38N, 18 50.249W"
438,KDA 0005,34.67335,118.8355667,,CCR,CCR,CCR,3?,3,,,,Piru Creek,,,"KDA 0002-0005: 34 40.401, 118 50.134"
439,KDA 0006,34.675,118.8370667,,CCR,CCR,CCR,3?,3,,,,Piru Creek,,,"KDA 0006: 34 40.500, 118 50.224"
440,KDA 0007,34.67995,118.8387667,,CCR,CCR,CCR,3?,3,,,,Piru Creek,,,"KDA 0007-0010: 34 40.797, 118 50.326"
441,KDA 0008,34.67995,118.8387667,,CCR,CCR,CCR,3?,3,,,,Piru Creek,,,"KDA 0011-0013: 34 40.891, 118 50.490"
442,KDA 0009,34.67995,118.8387667,,CCR,CCR,CCR,3?,3,,,,Piru Creek,,,"KDA 0014 34 41.190, 118 50.795"
443,KDA 0010,34.67995,118.8387667,,CCR,CCR,CCR,3?,3,,,,Piru Creek,,,"KDA 0015-0019: 34 41.709, 118 51.288"
444,KDA 0011,34.68151667,118.8415,,CCR,CCR,CCR,3?,3,,,,Piru Creek,,,"KDA 0020-0025 34 41.646, 118 51.469"
445,KDA 0012,34.68151667,118.8415,,CCR,CCR,CCR,3?,3,,,,Piru Creek,,,
446,KDA 0013,34.68151667,118.8415,,CCR,CCR,CCR,3?,3,,,,Piru Creek,,,6/15/05 Sant Ynez Mts.
447,KDA 0014,34.6865,118.8465833,,CCR,CCR,CCR,3?,3,,,,Piru Creek,,,"KDA 0026: 34 29.195, 119 31.441"
448,KDA 0015,34.69515,118.8548,,CCR,CCR,CCR,3?,3,,,,Piru Creek,,,
449,KDA 0016,34.69515,118.8548,,CCR,CCR,CCR,3?,3,,,,Piru Creek,,,6/16/05 Chimeneas Ranch
450,KDA 0017,34.69515,118.8548,,CCR,CCR,CCR,3?,3,,,,Piru Creek,,,"KDA 0027-0031: 35 11.178, 119 59.078"
451,KDA 0018,34.69515,118.8548,,CCR,CCR,CCR,3?,3,,,,Piru Creek,,,"KDA 0032: 35 12.270, 120 2.330"
452,KDA 0019,34.69515,118.8548,,CCR,CCR,CCR,3?,3,,,,Piru Creek,,,"KDA 0033-0063: 35 8.608, 120 1.601"
453,KDA 0020,34.6941,118.8578167,,CCR,CCR,CCR,3?,3,,,,Piru Creek,,,
454,KDA 0021,34.6941,118.8578167,,CCR,CCR,CCR,3?,3,,,,Piru Creek,,,
455,KDA 0022,34.6941,118.8578167,,CCR,CCR,CCR,3?,3,,,,Piru Creek,,,
456,KDA 0023,34.6941,118.8578167,,CCR,CCR,CCR,3?,3,,,,Piru Creek,,,
457,KDA 0024,34.6941,118.8578167,,CCR,CCR,CCR,3?,3,,,,Piru Creek,,,
458,KDA 0025,34.6941,118.8578167,,CCR,CCR,CCR,3?,3,,,,Piru Creek,,,
459,KDA 0026,34.48658333,119.5240167,,CCR,CCR,CCR,3,3,,,,Santa Ynez Mountains,,,
460,KDA 0027,35.1863,119.984633,,CCR,CCR,CCR,1?,1,,,,Chimeneas Ranch,,,
461,KDA 0028,35.1863,119.984633,,CCR,CCR,CCR,1?,1,,,,Chimeneas Ranch,,,
462,KDA 0029,35.1863,119.984633,,CCR,CCR,CCR,1?,1,,,,Chimeneas Ranch,,,
463,KDA 0030,35.1863,119.984633,,CCR,CCR,CCR,1?,1,,,,Chimeneas Ranch,,,
464,KDA 0031,35.1863,119.984633,,CCR,CCR,CCR,1?,1,,,,Chimeneas Ranch,,,
465,KDA 0032,35.2045,120.0388333,,CCR,CCR,CCR,1?,1,,,,Chimeneas Ranch,,,
466,KDA 0033,35.14346667,120.0266833,,CCR,CCR,CCR,1?,1,,,,Chimeneas Ranch,,,
467,KDA 0034,35.14346667,120.0266833,,CCR,CCR,CCR,1?,1,,,,Chimeneas Ranch,,,
468,KDA 0035,35.14346667,120.0266833,,CCR,CCR,CCR,1?,1,,,,Chimeneas Ranch,,,
469,KDA 0036,35.14346667,120.0266833,,CCR,CCR,CCR,1?,1,,,,Chimeneas Ranch,,,
470,KDA 0037,35.14346667,120.0266833,,CCR,CCR,CCR,1?,1,,,,Chimeneas Ranch,,,
471,KDA 0038,35.14346667,120.0266833,,CCR,CCR,CCR,1?,1,,,,Chimeneas Ranch,,,
472,KDA 0039,35.14346667,120.0266833,,CCR,CCR,CCR,1?,1,,,,Chimeneas Ranch,,,
473,KDA 0041,35.14346667,120.0266833,,CCR,CCR,CCR,1?,1,,,,Chimeneas Ranch,,,
474,KDA 0042,35.14346667,120.0266833,,CCR,CCR,CCR,1?,1,,,,Chimeneas Ranch,,,
475,KDA 0043,35.14346667,120.0266833,,CCR,CCR,CCR,1?,1,,,,Chimeneas Ranch,,,
476,KDA 0044,35.14346667,120.0266833,,CCR,CCR,CCR,1?,1,,,,Chimeneas Ranch,,,
477,KDA 0045,35.14346667,120.0266833,,CCR,CCR,CCR,1?,1,,,,Chimeneas Ranch,,,
478,KDA 0046,35.14346667,120.0266833,,CCR,CCR,CCR,1?,1,,,,Chimeneas Ranch,,,
479,KDA 0047,35.14346667,120.0266833,,CCR,CCR,CCR,1?,1,,,,Chimeneas Ranch,,,
480,KDA 0048,35.14346667,120.0266833,,CCR,CCR,CCR,1?,1,,,,Chimeneas Ranch,,,
481,KDA 0049,35.14346667,120.0266833,,CCR,CCR,CCR,1?,1,,,,Chimeneas Ranch,,,
482,KDA 0051,35.14346667,120.0266833,,CCR,CCR,CCR,1?,1,,,,Chimeneas Ranch,,,
483,KDA 0052,35.14346667,120.0266833,,CCR,CCR,CCR,1?,1,,,,Chimeneas Ranch,,,
484,KDA 0053,35.14346667,120.0266833,,CCR,CCR,CCR,1?,1,,,,Chimeneas Ranch,,,
485,KDA 0054,35.14346667,120.0266833,,CCR,CCR,CCR,1?,1,,,,Chimeneas Ranch,,,
486,KDA 0055,35.14346667,120.0266833,,CCR,CCR,CCR,1?,1,,,,Chimeneas Ranch,,,
487,KDA 0056,35.14346667,120.0266833,,CCR,CCR,CCR,1?,1,,,,Chimeneas Ranch,,,
488,KDA 0057,35.14346667,120.0266833,,CCR,CCR,CCR,1?,1,,,,Chimeneas Ranch,,,
489,KDA 0058,35.14346667,120.0266833,,CCR,CCR,CCR,1?,1,,,,Chimeneas Ranch,,,
490,KDA 0059,35.14346667,120.0266833,,CCR,CCR,CCR,1?,1,,,,Chimeneas Ranch,,,
491,KDA 0060,35.14346667,120.0266833,,CCR,CCR,CCR,1?,1,,,,Chimeneas Ranch,,,
492,KDA 0061,35.14346667,120.0266833,,CCR,CCR,CCR,1?,1,,,,Chimeneas Ranch,,,
493,KDA 0062,35.14346667,120.0266833,,CCR,CCR,CCR,1?,1,,,,Chimeneas Ranch,,,
494,KDA 0063,35.14346667,120.0266833,,CCR,CCR,CCR,1?,1,,,,Chimeneas Ranch,,,
495,KDA 0040,35.14346667,120.0266833,,CCR,CCR,CCR,1?,1,,,,Chimeneas Ranch,,,
496,KDA 0050,35.14346667,120.0266833,,CCR,CCR,CCR,1?,1,,,,Chimeneas Ranch,,,
497,MSE 05-24,34.767488,120.522617,,CCR,CCR,CCR,3?,3,,,,"Punchbowl Pond, Vandenberg AFB",,,
498,MSE 93-153,34.997639,120.333128,,CCR,CCR,CCR,1?,1,,,,"Tiwtchell Reservoir, SLO Co.",,,
499,MSE 95-82,34.295525,119.306505,,CCR,CCR,CCR,3?,3,f,,,"Ventura River, 1.5 miles N. of Ocean",,,
500,MSE 95-93,34.783875,120.539884,,CCR,CCR,CCR,3?,3,f,,,jct Lompoc-Casmalia Road x San Antonio Rd (wetland #37),,,
501,MSE 9184,34.413333,119.875556,,CCR,CCR,CCR,3?,3,,,,Devereux Slough,,,
502,MSE 96-78,34.315082,119.094865,,CCR,CCR,CCR,3?,3,m,,,"Santa Paula, Briggs Rd, SP Milling",,,
503,MSE 10001,34.494514,119.330126,,CCR,CCR,CCR,3?,3,,,,"Matilija Creek, 1.8 mi W jct. Hwy. 33 on Matilija Creek Rd.",,,
504,MSE 10002,34.494514,119.330126,,CCR,CCR,CCR,3?,3,,,,"Matilija Creek, 1.8 mi W jct. Hwy. 33 on Matilija Creek Rd.",,,
505,MSE 10120,34.507759,119.577467,,CCR,CCR,CCR,3,3,,,,"W Pendola Guard Station, Santa Ynez River at P-Bar Flat",,,
506,MSE 10906,34.494514,119.330126,,CCR,CCR,CCR,3?,3,,,,"Matilija Creek, 1.8 mi W jct. Hwy. 33 on Matilija Creek Rd.",,,
507,MSE 10907,34.4910299946658,119.54528331,,CCR,CCR,CCR,3?,3,,,,upper Santa Ynez River 0 - 1 1/2 mi W Juncal Campground,,,
508,MSE 10908,34.4910299946658,119.54528331,,CCR,CCR,CCR,3?,3,,,,upper Santa Ynez River 0 - 1 1/2 mi W Juncal Campground,,,
509,MSE 10909,34.5241311121841,119.692482948303,,CCR,CCR,CCR,3?,3,m,,,"Santa Ynez River, 1/2 mi W Gibralter Dam",,,
510,MSE 10910,34.5629798492399,119.660682678222,,CCR,CCR,CCR,3?,3,,,,"Indian Creek, 1.0 - 3.3 air mi. NW Mono Debris Dam",,,
511,MSE 10911,34.5629798492399,119.660682678222,,CCR,CCR,CCR,3?,3,,,,"Indian Creek, 1.0 - 3.3 air mi. NW Mono Debris Dam",,,
512,MSE 10912,34.5629798492399,119.660682678222,,CCR,CCR,CCR,3?,3,m,,,"Indian Creek, 1.0 - 3.3 air mi. NW Mono Debris Dam",,,
513,MSE 10913-SSS 22238,34.5629798492399,119.660682678222,,CCR,CCR,CCR,3?,3,f,,,"Indian Creek, 1.0 - 3.3 air mi. NW Mono Debris Dam",,,
514,MSE 10914,34.529029,119.700302,,CCR,CCR,CCR,3?,3,f,,,"Santa Ynez River, 1 mi W Gibralter Dam",,,
515,MSE 10915,34.946528,120.105929,,CCR,CCR,CCR,1?,1,f,,,"4.0 mi NE Colson Cyn. Rd., Jesse Campground",,,
516,MSE 12155,34.500494,119.565538,,CCR,CCR,CCR,3?,3,,,,1 1/2 - 2 mi E Juncal Campground,,,
517,MSE 12235,34.38,118.954722,,CCR,CCR,CCR,3?,3,m,,,"Santa Clara River at jct. Sespe Creek, '3 air mi SW Fillmore",,,
518,MSE 12236,34.611473,118.769158,,CCR,CCR,CCR,3?,3,m,,,"KDA: ""reconstructed from what is visible on the locality card in the picture; not in spreadsheet I have; anyway, this is LA county, but in a creek that seems to join Piru creek; thus this could really be 3 or 4"" JFP: I don't know what creek this is supposed to be in so I just put the marker near headwtaers of Piru in LA Co.",,,
519,MSE 12487,?,?,,?,?,?,?,,,,,,,,
520,MSE 12758,35.064739,120.172683,,CCR,CCR,CCR,1?,1,f,,,"Cuyama River, '3.9 - 4.4 mi NE jct. Tepusquet Cyn. Rd.",,,
521,MSE 12759-SSS 24366,34.903056,120.3125,,CCR,CCR,CCR,1?,1,m,,,Cuyama River at North Point Bridge GPS IS NOT ACCURATE - Where is North Point Bridge?,,,
522,MSE 12760,34.903056,120.3125,,CCR,CCR,CCR,1?,1,,,,Cuyama River at North Point Bridge GPS IS NOT ACCURATE - Where is North Point Bridge?,,,
523,MSE 12761,34.903056,120.3125,,CCR,CCR,CCR,1?,1,m,,,Cuyama River at North Point Bridge GPS IS NOT ACCURATE - Where is North Point Bridge?,,,
524,MSE 12762,34.574995,119.163852,,CCR,CCR,CCR,3?,3,m,,,"Piedra Blanca Creek, 1 - 1 1/2 mi NW jct. Sespe Creek",,,
525,MSE 12763,34.7047,119.3837,,CCR,CCR,CCR,1?,1,m,,,"Rancho Nuevo Creek at jct. Deal Cyn.KDA: ""this is a tributary of the cuyama river, which I've been calling group 1""",,,
526,MSE 12985,34.411682,119.88296,,CCR,CCR,CCR,3?,3,,,,"Isla Vista, beach 50 m W outlet UCSB lagoon",,,
527,MSE 13103,34.547559,118.769981,,CCR,CCR,CCR,3?,3,,,,"Piru Cyn., 0.4 mi N jct. Agua Blanca Creek, 1.3 air mi NNW Blue Point",,,
528,MSE 13360,34.577047,118.938298,,CCR,CCR,CCR,3?,3,m,,,"N slope above Sespe Creek, 1.3 air mi E jct. Lion Creek, rockfaces",,,
529,MSE 14843-SSS 25868,34.651602,120.312195,,CCR,CCR,CCR,3?,3,,,,"ponds N of Hwy. 246, 7.8 mi WNW Buellton E of Campbell Rd.",,,
530,MSE 15189,34.513927,120.485369,,CCR,CCR,CCR,3?,3,f,,,"Jalama Creek, 1 mi from beach, below bridge",,,
531,MSE 15190,34.7744,119.5737,,CCR,CCR,CCR,1?,1,,,,"Alamo CYN, Big Pine Rds. Santa Barbara Co. KDA: this is a tributary of the cuyama river, which I've been calling group 1",,,
532,MSE 15191,34.7744,119.5737,,CCR,CCR,CCR,1?,1,,,,"Alamo CYN, Big Pine Rds. Santa Barbara Co. KDA: this is a tributary of the cuyama river, which I've been calling group 1",,,
533,MSE 18171,34.50491,120.499387,,CCR,CCR,CCR,3?,3,m,,,"cliffs 10' above beach, 1/2 mi S of Jalama Creek",,,
534,MSE 19558,34.354783,119.31017,,CCR,CCR,CCR,3?,3,m?,,,"1/2 mi SW Casitas Springs, W bank of Ventura River",,,
535,MSE 22297,35.14369,120.02718,,CCR,CCR,CCR,1,1,,,,head of San Juan Creek at Gillam Springs,,,
536,MSE 23547,34.942286,120.11641,,CCR,CCR,CCR,1?,1,,,,"N fork La Brea Creek, 1/2 mi S of Jesse Campground",,,
537,MSE 23548,34.942286,120.11641,,CCR,CCR,CCR,1?,1,m,,,"N fork La Brea Creek, 1/2 mi S of Jesse Campground",,,
538,MSE 23549,34.942286,120.11641,,CCR,CCR,CCR,1?,1,,,,"N fork La Brea Creek, 1/2 mi S of Jesse Campground",,,
539,MSE 23947,35.0211,120.1149,,CCR,CCR,CCR,1?,1,f?,,,"Pine Cyn. (Cuyama drainage), vicinity of Brookshire Springs Campground",,,
540,MSE 23949,34.944761,120.11016,,CCR,CCR,CCR,1?,1,m?,,,"N fork La Brea Creek, 1.1 mi S of Wagon Flat",,,
541,MSE 24965,?,?,,?,?,?,3?,3,f,,,?,,,
542,MSE 25555,35.121268,120.212471,,CCR,CCR,CCR,1?,1,,,,Alamo X Little Jollo Creeks,,,
543,MSE 26399,?,?,,?,?,?,?,,m,,,?,,,
544,MSE 26667,34.354049,19.022393,,CCR,CCR,CCR,3?,3,,,,"Sta Clara, River bed near Timber Cyn.",,,
545,MSE 27621,34.529029,119.700302,,CCR,CCR,CCR,3?,3,,,,1.0 mi. W Gibralter Reservoir Dam,,,
546,MSE 27687,34.537003,118.759076,,CCR,CCR,CCR,3?,3,,,,"Piru Creek, 1/2 mi. N Blue Point Campground",,,
547,MSE 27688,34.537003,118.759076,,CCR,CCR,CCR,3?,3,f,,,"Piru Creek, 1/2 mi. N Blue Point Campground",,,
548,MSE 27691,34.301385,119.111419,,CCR,CCR,CCR,3?,3,m,,,"Santa Clara River, '2-3 mi. E Saticoy near United Water Cons. Dist.",,,
549,MSE 27694,34.507152,119.824972,,CCR,CCR,CCR,3?,3,,,,"Santa Ynez Mtns, upper San Jose Creek 200ft. E west end Kinevan Rd.",,,
550,MSE 27690,34.529029,119.700302,,CCR,CCR,CCR,3?,3,f,,," Santa Ynez River, middle Camuesa vicinity",,,
551,MSE 28423,34.767488,120.522617,,CCR,CCR,CCR,3?,3,m,,,"N. VAFB Purisima Hills, Punchbowl Lake, 10.5 km ENE Purisima Pt",,,
552,MSE 28425,34.776186,120.571241,,CCR,CCR,CCR,3?,3,f,,,"N. VAFB pond at jct El Rancho X El Rancho Lateral Rds., 6.75 km NE Purisima Pt",,,
553,MSE 28447,34.714226,120.502489,,CCR,CCR,CCR,3?,3,m,,,"N. VAFB southermost Lake Cyn lake, 5.25 km ESE Base Post Office",,,
554,MSE 28488,34.777037,120.553927,,CCR,CCR,CCR,3?,3,f,,,"N. VAFB jct, Lompoc-Casmalia Rd. X San Antonio Rd. West, 3.5 air km NE Purisima Pt",,,
555,MSE 29079,34.78531,120.525012,,CCR,CCR,CCR,3?,3,,,,"N VAFB San Antonio Creek 0.4 air mi. ENE jct. San Antonio Rd. West x Richmond Rd., W side Hwy. 1",,,
556,MSE 29080,34.511369,120.501783,,CCR,CCR,CCR,3?,3,,,,"Jalama Beach, Co. Park, mouth of Jalama Creek",,,
557,MSE field # 2065,35.653433,121.219499,,CCR,CCR,CCR,1,1,f,,,San Luis Obispo Arroyo Laguna jct hwy 1,,,
558,MSE No #,34.59927,120.555313,,CCR,CCR,CCR,3?,3,,,,Upper La Honda Creek 1/4 mi. W of E VAFBase border,,,
559,MSE SSS 31498,35.144792,120.181512,,CCR,CCR,CCR,1?,1,m?,,,"Alamo Creek, 1/2 mi. N jct Branch Cyn",,,
560,MSE SSS 31499,35.144792,120.181512,,CCR,CCR,CCR,1?,1,,,,"Alamo Creek, 1/2 mi. N jct Branch Cyn",,,
561,MSE SVC 092,?,?,,?,?,?,?,,m?,,,?,,,
562,SBMNH 241,34.483975,120.23135,,CCR,CCR,CCR,3?,3,F,,,"Turnout .7 mi N of Gaviota State Beach Park, Ocean Side of Highway, Santa Barbara Co.",,,
563,SBMNH 395,34.418927,119.845242,,CCR,CCR,CCR,3?,3,?,,,Goleta Slough (UCSB campus side) Sanata Barbara Co.,,,
564,SBMNH 401,?,?,,?,?,?,?,,M,,,?,,,
565,SBMNH 422,34.275348,119.309413,,CCR,CCR,CCR,3?,3,F,,,"Ventura City Beach, Ventura Co.",,,
566,SBMNH 442,?,?,,?,?,?,?,,J,,,?,,,
567,SBMNH 476,34.048081,120.428483,,?,?,?,?,,F,,,"San Miguel Isl., on shore adj. to Catle Rock, covered with tar, Found dead on the beach, Santa Barbara Co.; because this is pretty far offshore, it presumably washed in from somewhere, so it isn't really traceable",,,
568,SBMNH 563,34.473663,120.22942,,CCR,CCR,CCR,3?,3,J,,,Gaviota State Beach crossing thge creek near entrance to the Hollister Ranch Snta Barbara Co.,,,
569,SBMNH 592,34.476869,118.943411,,CCR,CCR,CCR,3?,3,hatchling,,,"Sespe Creek, Ventura Co. GPS is approximate",,,
570,SBMNH 609,?,?,,,,,?,,M,,,?,,,
571,SBMNH 610,?,?,,,,,?,,F,,,?,,,
572,SBMNH 690,?,?,,,,,?,,J,,,?,,,
573,SBMNH 1079,34.471469,120.271387,,CCR,CCR,CCR,3?,3,hatchling,,,"Santa Anita Canyon, Lagoon Hollister Ranch, Santa Barbara Co. JFP: GPS placed at lagoon on Hollister Ranch, could not find Anta Anita Canyon placeneame here",,,
574,SBMNH 1271,34.523805,119.629822,,CCR,CCR,CCR,3?,3,?,,,Mono Creek ~0.3 mi above jct with Santa Ynez River found ~15 feet away from the water headed into a dense clump of willows. Santa Bartbara Co.,,,
575,SBMNH 1440,34.511994,120.467693,,CCR,CCR,CCR,3?,3,F,,,"Bixby Ranch, Jalama Creek, .5 mi W Jalama Ranch Haf[??] below jct. Escondido Creek. Santa Barbara Co.",,,
576,SBMNH 1607,34.4083,119.7154,,CCR,CCR,CCR,3?,3,hatchling,,,"(Note: Honda Crk. Does not cross hwy 101) Honda Creek, 0.7 mi above jct with highway 101, R17E, T5N, Sec 29, Elev 180 Feet Santa Barbara Co.",,,
577,SBMNH 2696,?,?,,?,?,?,?,,M?,,,SBMNH education Dept.; presumably captive,,,
578,SBMNH 3271,?,?,,CCR,CCR,CCR,3?,3,F,,,"Las Flores Ranch, Canada del las Flores  .3 mi SSE of Old Ranch",,,
579,SBMNH 1900,?,?,,?,?,?,?,,,,,"Child's Estate Zoo, Santa Barbara Co.\, CA; presumably a captive",,,
580,SDMNH 2017,33.118661,117.085695,,pall,pall,pall,4,4,j,,,"Escondido, San Diego Co.",,,
581,SDMNH 2018,33.118661,117.085695,,pall,pall,pall,4,4,j,,,"Escondido, San Diego Co.",,,
582,SDMNH 2540,32.7173,116.7747,,pall,pall,pall,4,4,j,,,"Lyons Valley, San Diego Co.",,,
583,SDMNH 2541,32.7173,116.7747,,pall,pall,pall,4,4,j,,,"Lyons Valley, San Diego Co.",,,
584,SDMNH 11904,33.118661,117.085695,,pall,pall,pall,4,4,j,,,"Escondido, San Diego Co.",,,
585,SDMNH 11905,33.118661,117.085695,,pall,pall,pall,4,4,j,,,"Escondido, San Diego Co.",,,
586,SDMNH 11906,33.118661,117.085695,,pall,pall,pall,4,4,j,,,"Escondido, San Diego Co.",,,
587,SDMNH 11907,33.118661,117.085695,,pall,pall,pall,4,4,j,,,"Escondido, San Diego Co.",,,
588,SDMNH 11996,33.118661,117.085695,,pall,pall,pall,4,4,j,,,"Escondido, San Diego Co.",,,
589,SDMNH 11997,33.118661,117.085695,,pall,pall,pall,4,4,j,,,"Escondido, San Diego Co.",,,
590,SDMNH 11998,33.118661,117.085695,,pall,pall,pall,4,4,j,,,"Escondido, San Diego Co.",,,
591,SDMNH 11999,33.118661,117.085695,,pall,pall,pall,4,4,j,,,"Escondido, San Diego Co.",,,
592,SDMNH 14217,32.604957,116.612482,,pall,pall,pall,4,4,m,,,"Potrero, San Diego Co.",,,
593,SDMNH 14218,32.604957,116.612482,,pall,pall,pall,4,4,m,,,"Potrero, San Diego Co.",,,
594,SDMNH 14219,32.604957,116.612482,,pall,pall,pall,4,4,f,,,"Potrero, San Diego Co.",,,
595,SDMNH 14220,32.604957,116.612482,,pall,pall,pall,4,4,j,,,"Potrero, San Diego Co.",,,
596,SDMNH 14221,32.604957,116.612482,,pall,pall,pall,4,4,j,,,"Potrero, San Diego Co.",,,
597,SDMNH 15564,32.789306,117.077469,,pall,pall,pall,4,4,j,,,"Adobe Falls, San Diego Co.",,,
598,SDMNH 17135,34.904927,116.732036,,pall,pall,pall,4,4,m,,,"Mohave River, 5 mi E of Yermo",,,
599,SDMNH 17136,34.904927,116.732036,,pall,pall,pall,4,4,m,,,"Mohave River, 5 mi E of Yermo",,,
600,SDMNH 19222,?,?,,pall,pall,pall,4,4,m,,,"Rancho de las Cruces Spring, tributary of Rio San Vincente del Norte",,,
601,SDMNH 31992,38.685173,121.444354,,marm,marm,marm,1,1,j,,,"Rio Linda, CA",,,
602,SDMNH 32871,38.703887,121.413609,,marm,marm,marm,1,1,j,,,"2 mi NW of Rio Linda, CA",,,
603,SDMNH 35439,36.855397,119.313567,,marm,marm,SJ,2?,2,j,,,"King's River Hatchery (DEFUNCT), E of Fresno. LAT/LONG is just somewhere in  King's valley and is not supposed to be accurate",,,
604,SDMNH 43635,32.154727,115.789368,,pall,pall,pall,4,4,f,,,"Guadalupe Hot Springs, 9.5 mi E of Guadalupe, Baja California Norte",,,
605,SDMNH 46018,33.323755,117.494948,,pall,pall,pall,4,4,f,,,"In an inlet called the barn, 11 mi N of Oceanside, (actial plots and lat/long are guess)",,,
606,SDMNH 46019,33.323755,117.494948,,pall,pall,pall,4,4,f,,,"In an inlet called the barn, 11 mi N of Oceanside, (actial plots and lat/long are guess)",,,
607,SDMNH 46020,33.323755,117.494948,,pall,pall,pall,4,4,f,,,"In an inlet called the barn, 11 mi N of Oceanside, (actial plots and lat/long are guess)",,,
608,SDMNH 46021,33.323755,117.494948,,pall,pall,pall,4,4,m,,,"In an inlet called the barn, 11 mi N of Oceanside, (actial plots and lat/long are guess)",,,
609,SDMNH 46098,33.045501,117.228007,,pall,pall,pall,4,4,m,,,1 mi E of Encinitas,,,
610,SDMNH 46798,?,?,,pall,pall,pall,4,4,f,,,"20 mi. S. of Valle de Trinidad, Rancho Carrizo, Baja California Norte",,,
611,SDMNH 52843,32.095956,116.851587,,pall,pall,pall,4,4,j,,,"small rock pool, La Mision, Baja California Norte",,,
612,SDMNH 58516,34.724118,120.509087,,CCR,CCR,CCR,3?,3,m,,,"upper Pine Canyon Lake, Vandenberg Airforce Base",,,
613,SDMNH 58517,34.724118,120.509087,,CCR,CCR,CCR,3?,3,m,,,"upper Pine Canyon Lake, Vandenberg Airforce Base",,,
614,SDMNH 59680,34.781008,120.588676,,CCR,CCR,CCR,3?,3,f,,,"Vandenberg Air Force Base, Lat Long is just paced somewhere on the base NOT ACCURATE",,,
615,SDMNH 60267,34.781008,120.588676,,CCR,CCR,CCR,4,4,j,,,"Vandenberg Air Force Base, Lat Long is just paced somewhere on the base NOT ACCURATE",,,
616,SDMNH 62528,34.984809,120.388343,,CCR,CCR,CCR,1?,1,f,,,"Suey Ranch, 2 km N of Cuyama River, ",,,
617,SDMNH 64415,34.781008,120.588676,,CCR,CCR,CCR,3?,3,m,,,"Vandenberg Air Force Base, Lat Long is just paced somewhere on the base NOT ACCURATE",,,
618,SDMNH 68948,32.968702,116.680933,,pall,pall,pall,4,4,f,,,"Boulder Creek; Devil's Punchbowl, San Diego Co.",,,
619,SDMNH 68966,32.682,116.6253,,pall,pall,pall,4,4,f,,,"Hauser Canyon, San Diego Co.",,,
620,LACM 1014,?,?,,?,?,?,?,,f,,,? Not on LACM Spreadsheet,,,
621,LACM 1015,?,?,,?,?,?,?,,m,,,? Not on LACM Spreadsheet,,,
622,LACM 7995,40.866578,124.082986,,marm,marm,marm,1,1,m,,,"Arcata, Himboldt Co.",,,
623,LACM 7996,34.425477,118.930212,,CCR,CCR,CCR,3?,3,f,,,"Sespe Creek, 2 mi N Fillmore, Ventura Co.- coords for a point on sespe creek approx 3 miles north of center of filmore",,,
624,LACM 7997,34.905501,116.820233,,pall,pall,pall,4,4,j,,,"Yermo, CA coords are approx ",,,
625,LACM 7999,34.055299,118.244647,,pall,pall,pall,4,4,f,,,"""Los Angeles""",,,
626,LACM 8000,33.787222,118.2925,,pall,pall,pall,4,4,j,,,"""Nigger Slough"" Los Angeles, thankfully renamed to Harbor Lake",,,
627,LACM 23487,35.254954,120.271927,,CCR,CCR,CCR,1,1,f,,,"Los Padres Natl. Forest; 2 mi. S of American Canyon Public Camp, San Luis Obispo",,,
628,LACM 23488,34.907827,120.230385,,CCR,CCR,CCR,1?,1,m,,,"Tepusquet Canyon; 8.5 mi. N. of Sisquoc; River, Santa Barbara Co.",,,
629,LACM 23489,34.8149809,120.2173754,,CCR,CCR,CCR,1?,1,j,,,"Tepusquet Canyon (??? Monument is not in Tepusquet CYN [JFP]); 5 mi. South Sisquoc; 500 yards S. Fremont-Foxen Monuement, Santa Barbara Co. ",,,
630,LACM 23490,34.0903,118.6051,,pall,pall,pall,4,4,j,,,"Santa Monica Mts.; Old Tapanga Canyon, LA Co.",,,
631,LACM 23491,34.453533,118.924763,,CCR,CCR,CCR,3?,3,f,,,"Sespe River(near Pine Creek), Ventura Co. (JFP: there is no Pine Creek in Ventura Co. Coords are just somewhere in the Sespe)",,,
632,LACM 23492,34.1403,118.8587,,CCR,CCR,CCR,4?,4,f,,,"Santa Monica Mtns.; Lake Sherwood, Ventura Co.",,,
633,LACM 23524,34.09476,118.62052,,pall,pall,pall,4,4,m,,,"Junction Alhambra Wash - Rio Hondo, LA Co. (GPS placed in Hondo Valley)",,,
634,LACM 27646,34.476869,118.943411,,CCR,CCR,CCR,3?,3,f,,,"Sespe Creek Rancho, Ventura Co. GPS is approximate (General Sespe Crk Locality)",,,
635,LACM 27647,34.476869,118.943411,,CCR,CCR,CCR,3?,3,j,,,"Sespe Creek Rancho, Ventura Co. GPS is approximate (General Sespe Crk Locality)",,,
636,LACM 27648,34.476869,118.943411,,CCR,CCR,CCR,3?,3,j,,,"Sespe Creek Rancho, Ventura Co. GPS is approximate (General Sespe Crk Locality)",,,
637,LACM 27650,33.9347,117.7926,,pall,pall,pall,4,4,j,,,"Carbon Canyon, nr. La Vida Springs",,,
638,LACM 27651,33.9347,117.7926,,pall,pall,pall,4,4,f,,,"Carbon Canyon, nr. La Vida Springs",,,
639,LACM 61184,34.476869,118.943411,,CCR,CCR,CCR,3?,3,f,,,Sespe Ck. 4 mi N. Fillmore (put at Sespe general marker),,,
640,LACM 67413, 34.512975 120.497326,,,CCR,CCR,CCR,3?,3,f,,,1/4 mi. from mouth of Jalama Ck.,,,
641,LACM 74387, 34.512975 120.497326,,,CCR,CCR,CCR,4,4,j,,,1/4 mi. from mouth of Jalama Ck.,,,
642,LACM 74388,34.5611,119.164,,CCR,CCR,CCR,3?,3,m,,,"Lion Canyon Public Camp, Ventura Co.",,,
643,LACM 105315,33.522585,117.70769,,pall,pall,pall,4,4,m,,,"Irvine Ranch, Laguna Niguel, 5.5 mi E Pacific Coast Hwy (101), Orange Co.",,,
644,LACM 105309,33.802574,118.094116,,pall,pall,pall,4,4,m,,,"San Gabriel River, E city limits of Long Beach",,,
645,LACM 105310,33.748557,117.993951,,pall,pall,pall,4,4,j,,,"Westminster, 8.1 mi SW on Hwy 22 on (of?) Edwards, Orange Co. (Lat long placed at Westminster)",,,
646,LACM 105311,33.715697,117.621208,,pall,pall,pall,4,4,j,,,"Harding Canyon Reservoir, Orange Co. (GPS placed at Modjeska Reservoir)",,,
647,LACM 105312,33.715697,117.621208,,pall,pall,pall,4,4,j,,,"Harding Canyon Reservoir, Orange Co. (GPS placed at Modjeska Reservoir)",,,
648,LACM 105313,33.715697,117.621208,,pall,pall,pall,4,4,j,,,"Harding Canyon Reservoir, Orange Co. (GPS placed at Modjeska Reservoir)",,,
649,LACM 105316,33.519714,117.675566,,pall,pall,pall,4,4,m,,,"1.8 mi E Laguna Niguel, Lower Laguna, Orange Co.",,,
650,LACM 105317,33.715697,117.621208,,pall,pall,pall,4,4,j,,,"Harding Canyon, 1 mi NW up fire rd from Tucker Bird Sanctuary, Orange Co.  (GPS placed at Modjeska Reservoir)",,,
651,LACM 105318,33.684476,117.272953,,pall,pall,pall,4,4,m,,,"10.5 mi W Winchester, Riverside Co. (lat/long placed at Canyon Lake)",,,
652,LACM 105319,33.360313,117.283617,,pall,pall,pall,4,4,f,,,"Fallbrook Naval Weapons Station, San Diego Co.",,,
653,LACM 105320,37.002999,121.670181,,CCR,CCR,CCR,1,1,f,,,"3.5 mi W Gilroy on Hwy 152, Santa Clara Co.",,,
654,LACM 105321,34.361424,119.319279,,CCR,CCR,CCR,3?,3,f,,,"near Casitas Lake Dam, ca 1 mi E Hwy 33 on Casitas Vista Rd just past Foster Park, Venturav Co.",,,
655,LACM 105322,31.893969,116.599001,,pall,pall,pall,4,4,m,,,"Punta Santa Tomas, Baja California(GE Marker placed near Ensenadsa, exact point not identified)",,,
656,LACM 105323,?,?,,pall,pall,pall,4,4,f,,,"20 mi S San Matias Pass, Baja California (JFP: This is somewhere between san Felipe and Ensenada on Hwy 3)",,,
657,LACM 105324,33.380553,117.305095,,pall,pall,pall,4,4,f,,,"Fallbrook Naval Weapons Depot; Gate 18 along Santa Margarita River, San Diego Co. (JFP: not sure where Gate 18 is, so placed marker at River in the Depot t grounds)",,,
658,LACM 105325,33.35624,117.312476,,pall,pall,pall,4,4,m,,,"Fallbrook Naval Weapons Depot; 0.25 mi NE water tank in NW section, San Diego Co.",,,
659,LACM 127423,34.386109,118.953664,,CCR,CCR,CCR,3?,3,m,,,"Sespe Creek, 1/2 mi SW St Hwy 126m Ventura Co.",,,
660,LACM 136726,35.6586,120.3702,,CCR,CCR,CCR,1,1,m,,,"Cholame Crk, .25 mi S of Hwy 46 on Bitterwater Valley Rd. {sic}, SLO Co.",,,
661,LACM 136727,35.6586,120.3702,,CCR,CCR,CCR,1,1,f,,,"Cholame Crk, .25 mi S of Hwy 46 on Bitterwater Valley Rd. {sic}, SLO Co.",,,
662,LACM 136728,35.663293,121.211844,,CCR,CCR,CCR,1,1,m,,,"Arroyo Laguna, SLO Co.",,,
663,LACM 136729,35.663293,121.211844,,CCR,CCR,CCR,1,1,f,,,"Arroyo Laguna, SLO Co.",,,
664,LACM 136730,35.642666,121.182429,,CCR,CCR,CCR,1,1,m,,,"Broken Bridge Crk, .25 mi S of entrance to Hearst Castles S.P,, SLO Co.",,,
665,LACM 136731,35.642666,121.182429,,CCR,CCR,CCR,1,1,m,,,"Broken Bridge Crk, .25 mi S of entrance to Hearst Castles S.P,, SLO Co.",,,
666,LACM 138632,33.5105,117.7533,,pall,pall,pall,4,4,m,,,"Alisco (sic? [should be Aliso Cyn]) Canyon, ~101 Hwy (now I-5? or Hwy 1?), Orange Co.",,,
667,LACM 149099,34.956984,120.097909,,CCR,CCR,CCR,1?,1,j,,,"Wagon Flat Campground, ca 7 km NE Rattlesnake Canyon, North Fork La Brea Creek, 31 km ENE Santa Maria, Santa Barbara Co.",,,
668,LACM 149100,34.54667,118.518847,,CCR,CCR,CCR,4,4,f,,,"San Francisquito Canyon, 7.0 mi above junction Canyon Rd and Copper Hill Rd, 12 km N Rancho Santa Clarita, LA Co.",,,
669,LACM 149101,35.540598,121.073564,,CCR,CCR,CCR,1,1,f,,,"Cambria, 1106 Pineridge Dr., SLO Co.",,,
670,LACM 149102,35.651256,121.21952,,CCR,CCR,CCR,1,1,m,,,"Hwy 1 at Arroyo Tortuga, 15 km NW Cambria, SLO Co. (Could not find A. Tortuga so placed marker 15 km NW of Cambria near Hwy 1)",,,
671,LACM 152503,33.330844,117.334505,,pall,pall,pall,4,4,f,,,"Marine Corps Base Camp Pendleton, San Diego Co. [[JFP: Gave it a general Camp Pendelton GPS]]",,,
672,LACM 152505,33.330844,117.334505,,pall,pall,pall,4,4,m,,,"Marine Corps Base Camp Pendleton, San Diego Co. [[JFP: Gave it a general Camp Pendelton GPS]]",,,
673,LACM 152564,33.330844,117.334505,,pall,pall,pall,4,4,m,,,"200 m E of Old Rancho Santa Margarita ranch house, Santa Margarita River, Marine Corps Base Camp Pendleton, San Diego Co. [[JFP: Gave it a general Camp Pendelton GPS]]",,,
674,LACM 152565,33.330844,117.334505,,pall,pall,pall,4,4,j,,,"200 m E of Old Rancho Santa Margarita ranch house, Santa Margarita River, Marine Corps Base Camp Pendleton, San Diego Co. [[JFP: Gave it a general Camp Pendelton GPS]]",,,
675,LACM 152567,33.330844,117.334505,,pall,pall,pall,4,4,j,,,"Sewage Treatment Plant #3, Santa Margarita River, Marine Corps Base Camp Pendleton, San Diego Co. [[JFP: Gave it a general Camp Pendelton GPS]]",,,
676,LACM 152568,33.330844,117.334505,,pall,pall,pall,4,4,j,,,"Sewage Treatment Plant #3, Santa Margarita River, Marine Corps Base Camp Pendleton, San Diego Co. [[JFP: Gave it a general Camp Pendelton GPS]]",,,
677,LACM 152506,35.025424,120.308872,,CCR,CCR,CCR,1,1,j,,,"Alamo Cr, N of Cuyama R., (7.2 rd mi E of Hwy 101 on Hwy 166), SLO Co.",,,
678,LACM 153062,35.599412,121.114286,,CCR,CCR,CCR,1,1,j,,,"San Simeon Creek, SLO Co.",,,
679,LACM 153063,35.599412,121.114286,,CCR,CCR,CCR,1,1,f,,,"San Simeon Creek, SLO Co.",,,
680,LACM 153064,35.616655,121.147225,,CCR,CCR,CCR,1,1,f,,,"Pico Creek, SLO Co.",,,
681,LACM 153065,35.616655,121.147225,,CCR,CCR,CCR,1,1,f,,,"Pico Creek, SLO Co.",,,
682,LACM 153066,35.599412,121.114286,,CCR,CCR,CCR,1,1,f,,,"San Simeon Creek, SLO Co.",,,
683,LACM 153068,35.616655,121.147225,,CCR,CCR,CCR,1?,1,f,,,"Pico Pond, SLO Co.",,,
684,LACM 153069,35.596671,121.117853,,CCR,CCR,CCR,1,1,f,,,"Cambria Community Services District Percolation Ponds, SLO Co.",,,
685,LACM 153072,35.599412,121.114286,,CCR,CCR,CCR,1,1,m,,,"San Simeon Creek, SLO Co.",,,
686,LACM 153075,35.622835,121.139309,,CCR,CCR,CCR,1,1,m,,,"Pico Creek, SLO Co.",,,
687,LACM 27649,34.262382,117.889262,,pall,pall,pall,4,4,f,,,"San Gabriel Mts., Bear Creek, 1.5 mi. N. West Fork San Rivera (sic?) Gabriel, LA Co.",,,
688,LACM 153073,35.599412,121.114286,,CCR,CCR,CCR,1,1,f,,,"San Simeon Creek, SLO Co.",,,
689,LACM 153070,35.599412,121.114286,,CCR,CCR,CCR,1,1,f,,,"San Simeon Creek, SLO Co.",,,
690,LACM 152566,33.330844,117.334505,,pall,pall,pall,4,4,f,,,"200 m E of Old Rancho Santa Margarita ranch house, Santa Margarita River, Marine Corps Base Camp Pendleton, San Diego Co. [[JFP: Gave it a general Camp Pendelton GPS]]",,,
691,NMNH 77,47.169415,122.60276,,marm,marm,marm,1,1,j,,,"Steilacoom, Puget Sound, Pierce Co., Washinton",,,
692,NMNH 88,47.973046,122.606346,,marm,marm,marm,1,1,j,,,"Puget Sound, Washington (Marker placed at arbitrary pt. in the sound)",,,
693,NMNH 7594,47.973046,122.606346,,marm,marm,marm,1,1,j,,,"Puget Sound, Washington (Marker placed at arbitrary pt. in the sound)",,,
694,NMNH 7595,47.973046,122.606346,,marm,marm,marm,1,1,j,,,"Puget Sound, Washington (Marker placed at arbitrary pt. in the sound)",,,
695,NMNH 7596,47.973046,122.606346,,marm,marm,marm,1,1,j,,,"Puget Sound, Washington (Marker placed at arbitrary pt. in the sound)",,,
696,NMNH 9294,?,?,,?,?,?,4,4,j,,,Sonora (!!??),,,
697,NMNH 9931,?,?,,?,?,?,1,1,f,,,"San Francisco, San Francisco Ca. (JFP: Could be from market)",,,
698,NMNH 9971,38.061687,122.698933,,marm,marm,marm,1,1,f,,,"Nicasio, Marin Co.",,,
699,NMNH 10687,32.715343,117.155313,,pall,pall,pall,4,4,f?,,,"San Diego, San Diego Co.",,,
700,NMNH 13804,41.5715,121.8528,,marm,marm,marm,1,1,f,,,"Baird, Shasta Co.",,,
701,NMNH 18641,36.112863,118.45331,,marm,marm,SJ,2?,2,j,,,"Kern River, 25 mi above Kernville (= old Kernville), Tulare Co.",,,
702,NMNH 21389,42.704981,121.993217,,marm,marm,marm,1,1,f,,,"Fort Klamath, Klamath Co. Oregon",,,
703,NMNH 21390,42.704981,121.993217,,marm,marm,marm,1,1,f,,,"Fort Klamath, Klamath Co. Oregon",,,
704,NMNH 21391,42.704981,121.993217,,marm,marm,marm,1,1,m?,,,"Fort Klamath, Klamath Co. Oregon",,,
705,NMNH 21392,42.704981,121.993217,,marm,marm,marm,1,1,f,,,"Fort Klamath, Klamath Co. Oregon",,,
706,NMNH 22052,32.550842,116.797637,,pall,pall,pall,4,4,m?,,,"Tecate River, Baja California Norte 9GPS is just placed arbitrarily in correct drainage)",,,
707,NMNH 38807,39.989561,122.100256,,marm,marm,marm,1,1,j,,,"Thomas Creek (= Thomes Creek), Tehama Co., CA",,,
708,NMNH 38808,37.217581,119.904202,,marm,marm,SJ,2?,2,j,,,"Near raymond, Madera Co.",,,
709,NMNH 38809,41.191065,122.283982,,marm,marm,marm,1,1,j,,,"Near Sims, Sacramento River, Shasta Co. (No ""Sims"" in Shasta Co., marker placed along sacramento River in Shasta Co.)",,,
710,NMNH 45530,38.807714,123.007788,,marm,marm,marm,1,1,j,,,"Cloverdale, Sonoma Co.",,,
711,NMNH 45531,37.48498,119.965625,,marm,marm,SJ,1?,1,j,,,"Mariposa, Mariposa Co. [[General Mariposa marker]]",,,
712,NMNH 46124,?,?,,?,?,?,?,,m,,,?,,,
713,NMNH 50944,36.971569,121.547258,,marm,marm,marm,1,1,m?,,,"Uvas Creek, Santa Clara Co.",,,
714,NMNH 52063,38.0955,122.2725,,marm,marm,marm,1?,1,j,,,"Mare Island, Solano Co.",,,
715,NMNH 55547,?,?,,?,?,?,1,1,m,,,"San Francisco, San Francisco Ca. (JFP: Could be from market)",,,
716,NMNH 55548,34.055299,118.244647,,pall,pall,pall,4,4,m?,,,"Los Angeles, LA Co.",,,
717,NMNH 55549,33.5105,117.7533,,pall,pall,pall,4,4,m,,,"Laguna Beach, Aliso Creek, Orange Co.",,,
718,NMNH 55550,33.5105,117.7533,,pall,pall,pall,4,4,f,,,"Laguna Beach, Aliso Creek, Orange Co.",,,
719,NMNH 55551,33.5105,117.7533,,pall,pall,pall,4,4,j,,,"Laguna Beach, Aliso Creek, Orange Co.",,,
720,NMNH 55552,33.5105,117.7533,,pall,pall,pall,4,4,j,,,"Laguna Beach, Aliso Creek, Orange Co.",,,
721,NMNH 59765,34.9863888889,-119.793333333,,CCR,CCR,CCR,1?,1,f?,,,"Cuyama Valley, Caliente Ranch, SB Co.",,,
722,NMNH 73265,?,?,,?,?,?,?,,m,,,?,,,
723,NMNH 131830,47.973046,122.606346,,marm,marm,marm,1,1,j,,,"Puget Sound, Washington  (Marker placed at arbitrary pt. in the sound)",,,
724,NMNH 213707,36.600249,121.894647,,CCR,CCR,CCR,1,1,j,,,"Monterey, Monterey Co.",,,
725,NMNH 213708,?,?,,?,?,?,4,4,j,,,Sonora (!!??),,,
726,NMNH 217291,34.055299,118.244647,,pall,pall,pall,4?,4,f?,,,"Los Angeles, LA Co.",,,
727,NMNH 220748,38.061687,122.698933,,marm,marm,marm,1,1,f,,,"Nicasio, Marin Co.",,,
728,NMNH 220749,38.061687,122.698933,,marm,marm,marm,1,1,f?,,,"Nicasio, Marin Co.",,,
729,NMNH 220750,38.061687,122.698933,,marm,marm,marm,1,1,j,,,"Nicasio, Marin Co.",,,
730,NMNH 220751,38.061687,122.698933,,marm,marm,marm,1,1,j,,,"Nicasio, Marin Co.",,,
731,NMNH 220752,38.061687,122.698933,,marm,marm,marm,1,1,f,,,"Nicasio, Marin Co.",,,
732,NMNH 220756,41.5715,121.8528,,marm,marm,marm,1,1,f?,,,"Baird, Shasta Co.",,,
733,NMNH 220757,41.5715,121.8528,,marm,marm,marm,1,1,j,,,"Baird, Shasta Co.",,,
734,NMNH 220758,41.5715,121.8528,,marm,marm,marm,1,1,j,,,"Baird, Shasta Co.",,,
735,NMNH 288132,39.3169444444,123.308333333,,marm,marm,marm,1,1,f?,,," Ridgewood Ranch 8 mi S of ch Wilts, Mendocino Co.",,,
736,NMNH 288133,39.073421,122.78712,,marm,marm,marm,1,1,m,,,"Clear Lake, near, on California Rte. 20, Colusa Co.",,,
737,NMNH 297155,43.27972222,123.3755556,,marm,marm,marm,1,1,f,,,"Winchester, 3.2 km S and 0.8 km W of, Interstate Highway 5, T27S R6W S1, Douglas Co., Oregon",,,
738,NMNH 323180,37.48498,119.965625,,marm,marm,marm,2?,2,m?,,,"Mariposa, 8 mi W of, White Rock River, Mariposa Co. [[JFP: can not find ""White Rock River so placed this at site of NMNH 323182]]",,,
739,NMNH 323181,37.48498,119.965625,,marm,marm,marm,2?,2,m?,,,"Mariposa, 8 mi W of, White Rock River, Mariposa Co. [[JFP: can not find ""White Rock River so placed this at site of NMNH 323182]]",,,
740,NMNH 323182,37.397695,120.003903,,marm,marm,marm,2?,2,j,,,"River off White Rock Road, 2 miles from Intersection of Old Highway, mariposa Co.",,,
741,NMNH 323183,37.48498,119.965625,,marm,marm,marm,2?,2,m?,,,"Mariposa, 8 mi W of, White Rock River, Mariposa Co. [[JFP: can not find ""White Rock River so placed this at site of NMNH 323182]]",,,
742,NMNH 326206,37.48498,119.965625,,marm,marm,marm,2?,2,m,,,"Mariposa, 8 mi W of, White Rock River, Mariposa Co. [[JFP: can not find ""White Rock River so placed this at site of NMNH 323182]]",,,
743,NMNH 326207,37.48498,119.965625,,marm,marm,marm,2?,2,m,,,"Mariposa, 8 mi W of, White Rock River, Mariposa Co. [[JFP: can not find ""White Rock River so placed this at site of NMNH 323182]]",,,
744,NMNH 326208,37.48498,119.965625,,marm,marm,marm,2?,2,m,,,"Mariposa, 8 mi W of, White Rock River, Mariposa Co. [[JFP: can not find ""White Rock River so placed this at site of NMNH 323182]] ",,,
745,NMNH 326209,37.48498,119.965625,,marm,marm,marm,2?,2,m,,,"Mariposa, 8 mi W of, White Rock River, Mariposa Co. [[JFP: can not find ""White Rock River so placed this at site of NMNH 323182]]",,,
746,NMNH 326210,37.48498,119.965625,,marm,marm,marm,2?,2,m?,,,"Mariposa, 8 mi W of, White Rock River, Mariposa Co. [[JFP: can not find ""White Rock River so placed this at site of NMNH 323182]]",,,
747,NMNH 326211,37.48498,119.965625,,marm,marm,marm,2?,2,f,,,"Mariposa, 8 mi W of, White Rock River, Mariposa Co. [[JFP: can not find ""White Rock River so placed this at site of NMNH 323182]]",,,
748,NMNH 326438,37.48498,119.965625,,marm,marm,marm,2?,2,m,,,"Mariposa, 8 mi W of, White Rock River, Mariposa Co. [[JFP: can not find ""White Rock River so placed this at site of NMNH 323182]]",,,
749,JRB 0042,41.774224,122.57709,,marm,marm,marm,1,1,f?,,,"Siskiyou Co, CA (marker placed at Siskyou)",,,
750,JRB 0047,36.098018,119.881618,,CCR,marm,SJ,2?,2,m,,,"Kings County, CA- (marker placed at Kings, CA)",,,
751,JRB 0048,39.51975,122.006736,,marm,marm,marm,1,1,f,,,"Glenn Co, CA (marker placed at ",,,
752,JRB 0049,?,?,,?,?,?,3?,3,m,,,"Ventura Co, CA (Most likely could be CCR, but some of the range of pallida is also in ventura Co.)",,,
753,JRB 0184,39.218072,122.007964,,marm,marm,marm,1,1,j,,,"Colusa Co, CA (marker placed at Colusa, CA)",,,
754,JRB 0191,39.218072,122.007964,,marm,marm,marm,1,1,m,,,"Colusa Co, CA (marker placed at Colusa, CA)",,,
755,JRB 0193,39.218072,122.007964,,marm,marm,marm,1,1,j,,,"Colusa Co, CA (marker placed at Colusa, CA)",,,
756,JRB 0193a,39.218072,122.007964,,marm,marm,marm,1,1,j,,,"Colusa Co, CA (marker placed at Colusa, CA)",,,
757,JRB 0232,30.7205,116.035074,,pall,pall,pall,4,4,j,,,"Arroyo Santo Domingo, Baja California",,,
758,JRB 0242,37.945781,122.141954,,marm,marm,marm,1,1,f,,,Briones park,,,
759,JRB unnumbered marm a,?,?,,CCR,CCR,CCR,1?,1,m,,,"San Luis Obispo Co/Santa Barbara Co, CA",,,
760,JRB unnumbered marm b,37.961696,120.241885,,marm,marm,SJ,1,1,m,,,"Tuolumne Co, CA  (marker placed at Tuolumne, CA)",,,
761,JRB unnumbered marm c,39.1563888889,122.44194444,,marm,marm,marm,1,1,j,,,"Mill Creek Colusa Co, CA",,,
762,JRB unnumbered marm d,39.1563888889,122.44194444,,marm,marm,marm,1,1,m,,,"Mill Creek Colusa Co, CA",,,
763,MVZ 257121,?,?,,?,?,?,1,1,m?,,,Collected by Jon Fong near strawberry creek; called UCB campus marm in TPS file. JFP: Could hav ebeen relocated,,,
764,"FMNH 2489 ""a""",33.953411,117.395931,,pall,pall,pall,,,,,,"Riverside, Riverside Co.",,,
765,"FMNH 2489 ""b""",33.953411,117.395931,,pall,pall,pall,,,,,,"Riverside, Riverside Co.",,,
766,FMNH 2905,36.202416,121.138948,,CCR,CCR,CCR,,,,,,"Salinas River, at King City",,,
767,FMNH 22075,33.953411,117.395931,,pall,pall,pall,,,,,,"Riverside, Riverside Co.",,,
768,FMNH 22076,33.953411,117.395931,,pall,pall,pall,,,,,,"Riverside, Riverside Co.",,,
769,FMNH 211580,34.011697,118.495727,,pall,pall,pall,,,,,,"Santa Monica, LA Co.",,,
770,TMM M-9202,,,,,,,,,,,,no data,,,
771,TMM M-9203,,,,,,,,,,,,"Cajalco Rd., 1 mile east 115, Riverside County, CA",,,
772,TNHC 64822,,,,,,,,,,,,no data,,,
773,TNHC 64823,,,,,,,,,,,,no data,,,
774,TNHC 64823,,,,,,,,,,,,no data,,,
775,TNHC 64857,,,,,,,,,,,,no data,,,
776,TNHC 64858,,,,,,,,,,,,no data,,,